๑๎์_้๙ๅแ,๙ํ_้๙ๅแ,๙ํ_้๙ๅแ_์ๅ๒ๆ้,๑๎์_๐๔ไ,๙ํ_๐๔ไ,๑๎์_์๙๋๚_๎๐เ,์๙๋ไ,๑๎์_๎ๅ๒๖ไ_เ้ๆๅ๘้๚,๙ํ_๎ๅ๒๖ไ
3400 ,็แ๘ๅ๏ , ,77 ,็แ๘ๅ๏ ,11 ,้๘ๅ๙์้ํ ,0 ,
1347 ,๗๖๘ เ-๑๘ , ,62 ,แเ๘ ๙แ๒ ,62 ,แเ๘ ๙แ๒ ,68 ,๐ๅๅไ ๎ใแ๘
1331 ,๋๎เ๐ไ , ,24 ,๒๋ๅ ,20 ,๋๘๎้เ์ ,56 ,๎๙โแ
3777 ,๑๐๑๐ไ , ,77 ,็แ๘ๅ๏ ,62 ,แเ๘ ๙แ๒ ,78 ,ไ๘ ็แ๘ๅ๏
963 ,เ๒๖ํ (๙แ่) ,A'SAM ,62 ,แเ๘ ๙แ๒ ,62 ,แเ๘ ๙แ๒ ,0 ,
1220 ,เแ้๘้ํ ,ABBIRIM ,24 ,๒๋ๅ ,24 ,๒๋ๅ ,52 ,๎๒์ไ ้ๅ๑๓
958 ,เแๅ ๒แใๅ๏ (๙แ่) ,ABU ABDUN ,62 ,แเ๘ ๙แ๒ ,62 ,แเ๘ ๙แ๒ ,0 ,
1042 ,เแๅ ๒๎เ๘ (๙แ่) ,ABU AMMAR ,62 ,แเ๘ ๙แ๒ ,62 ,แเ๘ ๙แ๒ ,0 ,
932 ,เแๅ ๒๎๘ไ (๙แ่) ,ABU AMRE ,62 ,แเ๘ ๙แ๒ ,62 ,แเ๘ ๙แ๒ ,0 ,
472 ,เแๅ โๅ๙ ,ABU GHOSH ,11 ,้๘ๅ๙์้ํ ,11 ,้๘ๅ๙์้ํ ,0 ,
967 ,เแๅ โ'ๅๅ้้๒ใ (๙แ่) ,ABU JUWEI'ID ,62 ,แเ๘ ๙แ๒ ,62 ,แเ๘ ๙แ๒ ,0 ,
968 ,เแๅ ๗ๅ๘้๐เ๚ (๙แ่) ,ABU QUREINAT ,62 ,แเ๘ ๙แ๒ ,62 ,แเ๘ ๙แ๒ ,0 ,
1342 ,เแๅ ๗๘้๐เ๚ (้้๙ๅแ) ,ABU QUREINAT ,62 ,แเ๘ ๙แ๒ ,62 ,แเ๘ ๙แ๒ ,68 ,๐ๅๅไ ๎ใแ๘
966 ,เแๅ ๘ๅแ้้๒ไ (๙แ่) ,ABU RUBEI'A ,62 ,แเ๘ ๙แ๒ ,62 ,แเ๘ ๙แ๒ ,0 ,
961 ,เแๅ ๘ๅ๗้้๗ (๙แ่) ,ABU RUQAYYEQ ,62 ,แเ๘ ๙แ๒ ,62 ,แเ๘ ๙แ๒ ,0 ,
473 ,เแๅ ๑๐เ๏ ,ABU SINAN ,24 ,๒๋ๅ ,24 ,๒๋ๅ ,0 ,
935 ,เแๅ ๑๘้็เ๏ (๙แ่) ,ABU SUREIHAN ,62 ,แเ๘ ๙แ๒ ,62 ,แเ๘ ๙แ๒ ,0 ,
1375 ,เแๅ ๚์ๅ์ ,ABU TULUL ,62 ,แเ๘ ๙แ๒ ,62 ,แเ๘ ๙แ๒ ,68 ,๐ๅๅไ ๎ใแ๘
1068 ,เใ๎้๚ ,ADAMIT ,24 ,๒๋ๅ ,24 ,๒๋ๅ ,4 ,๎่ไ เ๙๘
2035 ,๒ใ๐้ํ ,ADANIM ,42 ,๔๚็ ๚๗ๅๅไ ,42 ,๔๚็ ๚๗ๅไ ,20 ,ใ๘ๅํ ไ๙๘ๅ๏
1123 ,เใ๘๚ ,ADDERET ,11 ,้๘ๅ๙์้ํ ,13 ,แ้๚ ๙๎๙ ,26 ,๎่ไ ้ไๅใไ
113 ,เใ้๘้ํ ,ADDIRIM ,23 ,๒๔ๅ์ไ ,23 ,๒๔ๅ์ไ ,8 ,ไโ์แๅ๒
3874 ,๒ใ้ ๒ใ ,ADE AD ,74 ,๘เ๎เ์์ไ ,11 ,้๘ๅ๙์้ํ ,73 ,๎่ไ แ๐้๎้๏
1199 ,๒ใ้ ,ADI ,24 ,๒๋ๅ ,24 ,๒๋ๅ ,9 ,๒๎๗ ้ๆ๘๒เ์
3759 ,เใๅ๘ไ ,ADORA ,77 ,็แ๘ๅ๏ ,13 ,แ้๚ ๙๎๙ ,78 ,ไ๘ ็แ๘ๅ๏
3987 ,เใๅ๘้้ํ ,ADORAYIM ,77 ,็แ๘ๅ๏ ,11 ,้๘ๅ๙์้ํ ,78 ,ไ๘ ็แ๘ๅ๏
959 ,เ๔้๐้๙ (๙แ่) ,AFEINISH ,62 ,แเ๘ ๙แ๒ ,62 ,แเ๘ ๙แ๒ ,0 ,
313 ,เ๔๗ ,AFEQ ,24 ,๒๋ๅ ,24 ,๒๋ๅ ,4 ,๎่ไ เ๙๘
4301 ,เ๔้๗ ,AFIQ ,29 ,โๅ์๏ ,22 ,่แ๘้ไ ,71 ,โๅ์๏
176 ,เ๔้๗้ํ ,AFIQIM ,22 ,๋๐๘๚ ,22 ,่แ๘้ไ ,6 ,๒๎๗ ไ้๘ใ๏
7700 ,๒๔ๅ์ไ ,AFULA ,23 ,๒๔ๅ์ไ ,23 ,๒๔ๅ์ไ ,0 ,
794 ,๒โๅ๘ ,AGUR ,11 ,้๘ๅ๙์้ํ ,13 ,แ้๚ ๙๎๙ ,26 ,๎่ไ ้ไๅใไ
1157 ,เ็ๅๅไ ,AHAWA ,61 ,เ๙๗์ๅ๏ ,61 ,เ๙๗์ๅ๏ ,33 ,แเ๘ ่ๅแ้ไ
797 ,เ็้๒ๆ๘ ,AHI'EZER ,43 ,๘๎์ไ ,43 ,๘๎์ไ ,40 ,๙ใๅ๚ ใ๏
785 ,เ็้ไๅใ ,AHIHUD ,24 ,๒๋ๅ ,24 ,๒๋ๅ ,4 ,๎่ไ เ๙๘
804 ,เ็้๑๎๊ ,AHISAMAKH ,43 ,๘๎์ไ ,43 ,๘๎์ไ ,25 ,็แ์ ๎ๅใ้๒้๏
850 ,เ็้่ๅแ ,AHITUV ,41 ,ไ๙๘ๅ๏ ,41 ,๐๚๐้ไ ,16 ,๒๎๗ ็๔๘
3875 ,เ็้ไ ,AHIYA ,74 ,๘เ๎เ์์ไ ,11 ,้๘ๅ๙์้ํ ,73 ,๎่ไ แ๐้๎้๏
821 ,เ็ๅๆํ ,AHUZZAM ,61 ,เ๙๗์ๅ๏ ,61 ,เ๙๗์ๅ๏ ,50 ,์๋้๙
1330 ,เ็ๅๆ๚ แ๘๗ ,AHUZZAT BARAQ ,23 ,๒๔ๅ์ไ ,23 ,๒๔ๅ์ไ ,9 ,๒๎๗ ้ๆ๘๒เ์
7600 ,๒๋ๅ ,AKKO ,24 ,๒๋ๅ ,24 ,๒๋ๅ ,0 ,
1359 ,เ์ ๑้้ใ ,AL SAYYID ,62 ,แเ๘ ๙แ๒ ,62 ,แเ๘ ๙แ๒ ,69 ,เ์ ๗๑ๅํ
1316 ,เ์-๒๘้เ๏ ,AL-ARYAN ,32 ,็ใ๘ไ ,32 ,็ใ๘ไ ,14 ,๎๐๙ไ
1339 ,เ์-๒ๆ้ ,AL-AZY ,61 ,เ๙๗์ๅ๏ ,61 ,เ๙๗์ๅ๏ ,35 ,้ๅเแ
3727 ,๒์้ ๆไแ ,ALE ZAHAV ,73 ,่ๅ์ ๋๘ํ ,48 ,เ๘้เ์ ,72 ,๙ๅ๎๘ๅ๏
3750 ,เ์๔้ ๎๐๙ไ ,ALFE MENASHE ,73 ,่ๅ์ ๋๘ํ ,349 ,๘เ๙ ไ๒้๏ ,0 ,
3898 ,เ์ๅ๏ ,ALLON ,74 ,๘เ๎เ์์ไ ,11 ,้๘ๅ๙์้ํ ,73 ,๎่ไ แ๐้๎้๏
1182 ,เ์ๅ๏ ไโ์้์ ,ALLON HAGALIL ,23 ,๒๔ๅ์ไ ,23 ,๒๔ๅ์ไ ,9 ,๒๎๗ ้ๆ๘๒เ์
3604 ,เ์ๅ๏ ๙แๅ๚ ,ALLON SHEVUT ,76 ,แ้๚ ์็ํ ,11 ,้๘ๅ๙์้ํ ,76 ,โๅ๙ ๒๖้ๅ๏
429 ,เ์ๅ๐้ เแเ ,ALLONE ABBA ,23 ,๒๔ๅ์ไ ,23 ,๒๔ๅ์ไ ,9 ,๒๎๗ ้ๆ๘๒เ์
4017 ,เ์ๅ๐้ ไแ๙๏ ,ALLONE HABASHAN ,29 ,โๅ์๏ ,22 ,่แ๘้ไ ,71 ,โๅ์๏
868 ,เ์ๅ๐้ ้๖็๗ ,ALLONE YIZHAQ ,32 ,็ใ๘ไ ,32 ,็ใ๘ไ ,14 ,๎๐๙ไ
285 ,เ์ๅ๐้ํ ,ALLONIM ,23 ,๒๔ๅ์ไ ,23 ,๒๔ๅ์ไ ,9 ,๒๎๗ ้ๆ๘๒เ์
688 ,๒์๎ไ ,ALMA ,21 ,๖๔๚ ,21 ,๖๔๚ ,2 ,๎๘ๅํ ไโ์้์
1125 ,เ์๎โๅ๘ ,ALMAGOR ,22 ,๋๐๘๚ ,22 ,่แ๘้ไ ,6 ,๒๎๗ ไ้๘ใ๏
3556 ,เ์๎ๅโ ,ALMOG ,75 ,้๘ใ๏ )้๘้็ๅ( ,11 ,้๘ๅ๙์้ํ ,74 ,๎โ้์ๅ๚ ้ํ ไ๎์็
3715 ,๒์๎ๅ๏ ,ALMON ,74 ,๘เ๎เ์์ไ ,11 ,้๘ๅ๙์้ํ ,73 ,๎่ไ แ๐้๎้๏
1146 ,๒์ๅ๎้ํ ,ALUMIM ,62 ,แเ๘ ๙แ๒ ,62 ,แเ๘ ๙แ๒ ,39 ,๙ใๅ๚ ๐โแ
1145 ,เ์ๅ๎ไ ,ALUMMA ,61 ,เ๙๗์ๅ๏ ,61 ,เ๙๗์ๅ๏ ,34 ,๙๔้๘
330 ,เ์ๅ๎ๅ๚ ,ALUMMOT ,22 ,๋๐๘๚ ,22 ,่แ๘้ไ ,6 ,๒๎๗ ไ้๘ใ๏
23 ,เ๎๖้ไ ,AMAZYA ,61 ,เ๙๗์ๅ๏ ,61 ,เ๙๗์ๅ๏ ,50 ,์๋้๙
319 ,๒๎้๘ ,AMIR ,21 ,๖๔๚ ,21 ,๖๔๚ ,1 ,ไโ์้์ ไ๒์้ๅ๏
1064 ,เ๎้๘้ํ ,AMIRIM ,21 ,๖๔๚ ,21 ,๖๔๚ ,2 ,๎๘ๅํ ไโ์้์
385 ,๒๎้๒ใ ,AMMI'AD ,21 ,๖๔๚ ,21 ,๖๔๚ ,1 ,ไโ์้์ ไ๒์้ๅ๏
318 ,๒๎้๒ๅๆ ,AMMI'OZ ,62 ,แเ๘ ๙แ๒ ,62 ,แเ๘ ๙แ๒ ,38 ,เ๙๋ๅ์
3824 ,๒๎้็้ ,AMMIHAY ,74 ,๘เ๎เ์์ไ ,11 ,้๘ๅ๙์้ํ ,73 ,๎่ไ แ๐้๎้๏
779 ,๒๎้๐ใแ ,AMMINADAV ,11 ,้๘ๅ๙์้ํ ,11 ,้๘ๅ๙์้ํ ,26 ,๎่ไ ้ไๅใไ
773 ,๒๎้๗ํ ,AMMIQAM ,32 ,็ใ๘ไ ,32 ,็ใ๘ไ ,45 ,เ์ๅ๐ไ
1253 ,เ๎๐ๅ๏ ,AMNUN ,22 ,๋๐๘๚ ,22 ,่แ๘้ไ ,55 ,๎แๅเๅ๚ ไ็๘๎ๅ๏
708 ,๒๎๗ไ ,AMQA ,24 ,๒๋ๅ ,24 ,๒๋ๅ ,4 ,๎่ไ เ๙๘
1212 ,๒๎ๅ๗ไ ,AMUQQA ,21 ,๖๔๚ ,21 ,๖๔๚ ,2 ,๎๘ๅํ ไโ์้์
4012 ,เ๐้๒ํ ,ANI'AM ,29 ,โๅ์๏ ,22 ,่แ๘้ไ ,71 ,โๅ์๏
637 ,๒๘๒๘ไ ,AR'ARA ,32 ,็ใ๘ไ ,32 ,็ใ๘ไ ,0 ,
1192 ,๒๘๒๘ไ-แ๐โแ ,AR'ARA-BANEGEV ,62 ,แเ๘ ๙แ๒ ,62 ,แเ๘ ๙แ๒ ,0 ,
2560 ,๒๘ใ ,ARAD ,62 ,แเ๘ ๙แ๒ ,62 ,แเ๘ ๙แ๒ ,0 ,
1246 ,๒๘เ๎๙ไ ,ARAMSHA ,24 ,๒๋ๅ ,24 ,๒๋ๅ ,4 ,๎่ไ เ๙๘
701 ,เ๘แ์ ,ARBEL ,22 ,๋๐๘๚ ,22 ,่แ๘้ไ ,3 ,ไโ์้์ ไ๚็๚ๅ๏
3598 ,เ๘โ๎๏ ,ARGAMAN ,75 ,้๘ใ๏ )้๘้็ๅ( ,23 ,๒๔ๅ์ไ ,75 ,๒๘แๅ๚ ไ้๘ใ๏
3570 ,เ๘้เ์ ,ARI'EL ,73 ,่ๅ์ ๋๘ํ ,48 ,เ๘้เ์ ,0 ,
1335 ,๒๘แ เ์ ๐๒้ํ ,ARRAB AL NAIM ,24 ,๒๋ๅ ,20 ,๋๘๎้เ์ ,56 ,๎๙โแ
531 ,๒๘เแไ ,ARRABE ,24 ,๒๋ๅ ,24 ,๒๋ๅ ,0 ,
1324 ,เ๘๑ๅ๓ ,ARSUF ,41 ,ไ๙๘ๅ๏ ,41 ,๐๚๐้ไ ,19 ,็ๅ๓ ไ๙๘ๅ๏
593 ,๒๘ๅโๅ๚ ,ARUGOT ,61 ,เ๙๗์ๅ๏ ,61 ,เ๙๗์ๅ๏ ,33 ,แเ๘ ่ๅแ้ไ
3861 ,๒๙ไเ์ ,ASA'EL ,77 ,็แ๘ๅ๏ ,11 ,้๘ๅ๙์้ํ ,78 ,ไ๘ ็แ๘ๅ๏
960 ,เ๑ใ (๙แ่) ,ASAD ,62 ,แเ๘ ๙แ๒ ,62 ,แเ๘ ๙แ๒ ,0 ,
3754 ,เ๑๔๘ ,ASEFAR ,77 ,็แ๘ๅ๏ ,11 ,้๘ๅ๙์้ํ ,76 ,โๅ๙ ๒๖้ๅ๏
591 ,๒๙๘๚ ,ASERET ,44 ,๘็ๅแๅ๚ ,44 ,๘็ๅแๅ๚ ,32 ,โใ๘ๅ๚
1152 ,เ๙์้ํ ,ASHALIM ,62 ,แเ๘ ๙แ๒ ,62 ,แเ๘ ๙แ๒ ,48 ,๘๎๚ ๐โแ
70 ,เ๙ใๅใ ,ASHDOD ,61 ,เ๙๗์ๅ๏ ,69 ,เ๙ใๅใ ,0 ,
199 ,เ๙ใๅ๚ ้๒๗แ (เ้็ๅใ) ,ASHDOT YA'AQOV(IHUD) ,22 ,๋๐๘๚ ,22 ,่แ๘้ไ ,6 ,๒๎๗ ไ้๘ใ๏
188 ,เ๙ใๅ๚ ้๒๗แ (๎เๅ็ใ) ,ASHDOT YA'AQOV(ME'UH ,22 ,๋๐๘๚ ,22 ,่แ๘้ไ ,6 ,๒๎๗ ไ้๘ใ๏
1256 ,เ๙๘๚ ,ASHERAT ,24 ,๒๋ๅ ,24 ,๒๋ๅ ,4 ,๎่ไ เ๙๘
7100 ,เ๙๗์ๅ๏ ,ASHQELON ,61 ,เ๙๗์ๅ๏ ,61 ,เ๙๗์ๅ๏ ,0 ,
969 ,๒่เๅๅ๐ไ (๙แ่) ,ATAWNE ,62 ,แเ๘ ๙แ๒ ,62 ,แเ๘ ๙แ๒ ,0 ,
3658 ,๒่๘๚ ,ATERET ,74 ,๘เ๎เ์์ไ ,11 ,้๘ๅ๙์้ํ ,73 ,๎่ไ แ๐้๎้๏
53 ,๒๚์้๚ ,ATLIT ,32 ,็ใ๘ไ ,32 ,็ใ๘ไ ,15 ,็ๅ๓ ไ๋๘๎์
965 ,เ่๘๙ (๙แ่) ,ATRASH ,62 ,แเ๘ ๙แ๒ ,62 ,แเ๘ ๙แ๒ ,0 ,
917 ,๒๖๎ๅ๏ ๙โแ ,ATSMON-SEGEV ,24 ,๒๋ๅ ,20 ,๋๘๎้เ์ ,56 ,๎๙โแ
892 ,๒แใๅ๏ ,AVDON ,24 ,๒๋ๅ ,24 ,๒๋ๅ ,52 ,๎๒์ไ ้ๅ๑๓
679 ,เแ้เ์ ,AVI'EL ,32 ,็ใ๘ไ ,32 ,็ใ๘ไ ,45 ,เ์ๅ๐ไ
1070 ,เแ้๒ๆ๘ ,AVI'EZER ,11 ,้๘ๅ๙์้ํ ,13 ,แ้๚ ๙๎๙ ,26 ,๎่ไ ้ไๅใไ
3869 ,เแ้โ้์ ,AVIGAYIL ,77 ,็แ๘ๅ๏ ,11 ,้๘ๅ๙์้ํ ,78 ,ไ๘ ็แ๘ๅ๏
819 ,เแ้โใๅ๘ ,AVIGEDOR ,61 ,เ๙๗์ๅ๏ ,61 ,เ๙๗์ๅ๏ ,33 ,แเ๘ ่ๅแ้ไ
175 ,เแ้็้์ ,AVIHAYIL ,41 ,ไ๙๘ๅ๏ ,41 ,๐๚๐้ไ ,16 ,๒๎๗ ็๔๘
2052 ,เแ้่์ ,AVITAL ,23 ,๒๔ๅ์ไ ,23 ,๒๔ๅ์ไ ,8 ,ไโ์แๅ๒
1115 ,เแ้แ้ํ ,AVIVIM ,21 ,๖๔๚ ,21 ,๖๔๚ ,2 ,๎๘ๅํ ไโ์้์
4011 ,เแ๐้ เ้๚๏ ,AVNE ETAN ,29 ,โๅ์๏ ,22 ,่แ๘้ไ ,71 ,โๅ์๏
3793 ,เแ๐้ ็๔๕ ,AVNE HEFEZ ,73 ,่ๅ์ ๋๘ํ ,41 ,๐๚๐้ไ ,72 ,๙ๅ๎๘ๅ๏
1311 ,เแ๙์ๅํ ,AVSHALOM ,62 ,แเ๘ ๙แ๒ ,62 ,แเ๘ ๙แ๒ ,38 ,เ๙๋ๅ์
1275 ,เแ่์้ๅ๏ ,AVTALYON ,24 ,๒๋ๅ ,20 ,๋๘๎้เ์ ,56 ,๎๙โแ
156 ,๒้้๐ๅ๚ ,AYANOT ,44 ,๘็ๅแๅ๚ ,44 ,๘็ๅแๅ๚ ,27 ,โ๏ ๘ๅๅไ
77 ,เ้้์๚ ไ๙็๘ ,AYYELET HASHAHAR ,21 ,๖๔๚ ,21 ,๖๔๚ ,1 ,ไโ์้์ ไ๒์้ๅ๏
711 ,๒ๆ๘้ไ ,AZARYA ,43 ,๘๎์ไ ,43 ,๘๎์ไ ,30 ,โๆ๘
565 ,เๆๅ๘ ,AZOR ,53 ,็ๅ์ๅ๏ ,53 ,็ๅ์ๅ๏ ,0 ,
837 ,๒ๆ๘้เ์ ,AZRI'EL ,41 ,ไ๙๘ๅ๏ ,41 ,๐๚๐้ไ ,18 ,์แ ไ๙๘ๅ๏
817 ,๒ๆ๘้๗ํ ,AZRIQAM ,61 ,เ๙๗์ๅ๏ ,61 ,เ๙๗์ๅ๏ ,33 ,แเ๘ ่ๅแ้ไ
2043 ,แ็๏ ,BAHAN ,41 ,ไ๙๘ๅ๏ ,41 ,๐๚๐้ไ ,16 ,๒๎๗ ็๔๘
94 ,แ์๔ๅ๘้ไ ,BALFURIYYA ,23 ,๒๔ๅ์ไ ,23 ,๒๔ๅ์ไ ,9 ,๒๎๗ ้ๆ๘๒เ์
6000 ,แเ๗ไ เ์-โ๘แ้ไ ,BAQA AL-GHARBIYYE ,32 ,็ใ๘ไ ,32 ,็ใ๘ไ ,0 ,
823 ,แ๘ โ้ๅ๘เ ,BAR GIYYORA ,11 ,้๘ๅ๙์้ํ ,13 ,แ้๚ ๙๎๙ ,26 ,๎่ไ ้ไๅใไ
3499 ,แ๘ ๋ๅ๋แเ ,BAR KOKHVA ,76 ,แ้๚ ์็ํ ,11 ,้๘ๅ๙์้ํ ,76 ,โๅ๙ ๒๖้ๅ๏
1191 ,แ๘ ้ๅ็เ้ ,BAR YOHAY ,21 ,๖๔๚ ,21 ,๖๔๚ ,2 ,๎๘ๅํ ไโ์้์
667 ,แ๘๒ํ ,BAR'AM ,21 ,๖๔๚ ,21 ,๖๔๚ ,1 ,ไโ์้์ ไ๒์้ๅ๏
141 ,แ๘๗ ,BARAQ ,23 ,๒๔ๅ์ไ ,23 ,๒๔ๅ์ไ ,8 ,ไโ์แๅ๒
2038 ,แ๘๗๚ ,BAREQET ,42 ,๔๚็ ๚๗ๅๅไ ,42 ,๔๚็ ๚๗ๅไ ,25 ,็แ์ ๎ๅใ้๒้๏
3654 ,แ๘๗๏ ,BARQAN ,73 ,่ๅ์ ๋๘ํ ,48 ,เ๘้เ์ ,72 ,๙ๅ๎๘ๅ๏
617 ,แ๘๗เ้ ,BARQAY ,32 ,็ใ๘ไ ,32 ,็ใ๘ไ ,14 ,๎๐๙ไ
1326 ,แ๑๎"ไ ,BASMA ,32 ,็ใ๘ไ ,32 ,็ใ๘ไ ,0 ,
944 ,แ๑๎๚ ่แ๒ๅ๏ ,BASMAT TAB'UN ,23 ,๒๔ๅ์ไ ,23 ,๒๔ๅ์ไ ,0 ,
3794 ,แ๚ ๒้๏ ,BAT AYIN ,76 ,แ้๚ ์็ํ ,11 ,้๘ๅ๙์้ํ ,76 ,โๅ๙ ๒๖้ๅ๏
1323 ,แ๚ ไใ๘ ,BAT HADAR ,61 ,เ๙๗์ๅ๏ ,61 ,เ๙๗์ๅ๏ ,36 ,็ๅ๓ เ๙๗์ๅ๏
1319 ,แ๚ ็๔๘ ,BAT HEFER ,41 ,ไ๙๘ๅ๏ ,41 ,๐๚๐้ไ ,16 ,๒๎๗ ็๔๘
1361 ,แ๚ ็๏ ,BAT HEN ,41 ,ไ๙๘ๅ๏ ,41 ,๐๚๐้ไ ,16 ,๒๎๗ ็๔๘
33 ,แ๚ ๙์๎ไ ,BAT SHELOMO ,32 ,็ใ๘ไ ,32 ,็ใ๘ไ ,15 ,็ๅ๓ ไ๋๘๎์
6200 ,แ๚ ้ํ ,BAT YAM ,53 ,็ๅ์ๅ๏ ,53 ,็ๅ์ๅ๏ ,0 ,
389 ,แ๖๘ไ ,BAZRA ,41 ,ไ๙๘ๅ๏ ,41 ,๐๚๐้ไ ,19 ,็ๅ๓ ไ๙๘ๅ๏
1278 ,แเ๘ ๎้์๋ไ ,BE'ER MILKA ,62 ,แเ๘ ๙แ๒ ,62 ,แเ๘ ๙แ๒ ,48 ,๘๎๚ ๐โแ
21 ,แเ๘ เๅ๘ไ ,BE'ER ORA ,62 ,แเ๘ ๙แ๒ ,63 ,เ้์๚ ,53 ,็แ์ เ้์ๅ๚
9000 ,แเ๘ ๙แ๒ ,BE'ER SHEVA ,62 ,แเ๘ ๙แ๒ ,62 ,แเ๘ ๙แ๒ ,0 ,
155 ,แเ๘ ่ๅแ้ไ ,BE'ER TUVEYA ,61 ,เ๙๗์ๅ๏ ,61 ,เ๙๗์ๅ๏ ,33 ,แเ๘ ่ๅแ้ไ
2530 ,แเ๘ ้๒๗แ ,BE'ER YA'AQOV ,43 ,๘๎์ไ ,43 ,๘๎์ไ ,0 ,
399 ,แเ๘้ ,BE'ERI ,62 ,แเ๘ ๙แ๒ ,62 ,แเ๘ ๙แ๒ ,38 ,เ๙๋ๅ์
450 ,แเ๘ๅ๚ ้๖็๗ ,BE'EROT YIZHAQ ,42 ,๔๚็ ๚๗ๅๅไ ,42 ,๔๚็ ๚๗ๅไ ,25 ,็แ์ ๎ๅใ้๒้๏
697 ,แเ๘ๅ๚้้ํ ,BE'EROTAYIM ,41 ,ไ๙๘ๅ๏ ,41 ,๐๚๐้ไ ,16 ,๒๎๗ ็๔๘
1376 ,แเ๘ โ๐้ํ ,BEER GANNIM ,62 ,แเ๘ ๙แ๒ ,61 ,เ๙๗์ๅ๏ ,36 ,็ๅ๓ เ๙๗์ๅ๏
480 ,แ้๚ โ'๏ ,BEIT JANN ,24 ,๒๋ๅ ,20 ,๋๘๎้เ์ ,0 ,
712 ,แ๏ ๒๎้ ,BEN AMMI ,24 ,๒๋ๅ ,24 ,๒๋ๅ ,4 ,๎่ไ เ๙๘
2013 ,แ๏ ๙๎๏ (๎ๅ๙แ) ,BEN SHEMEN (MOSHAV) ,43 ,๘๎์ไ ,43 ,๘๎์ไ ,25 ,็แ์ ๎ๅใ้๒้๏
1084 ,แ๏ ๙๎๏ (๋๔๘ ๐ๅ๒๘) ,BEN SHEMEN(K.NO'AR) ,43 ,๘๎์ไ ,43 ,๘๎์ไ ,25 ,็แ์ ๎ๅใ้๒้๏
760 ,แ๏ ๆ๋เ้ ,BEN ZAKKAY ,44 ,๘็ๅแๅ๚ ,44 ,๘็ๅแๅ๚ ,29 ,็แ์ ้แ๐ไ
685 ,แ๐้ไ ,BENAYA ,44 ,๘็ๅแๅ๚ ,44 ,๘็ๅแๅ๚ ,28 ,แ๘๐๘
448 ,แ๐้ ๒่๘ๅ๚ ,BENE ATAROT ,42 ,๔๚็ ๚๗ๅๅไ ,42 ,๔๚็ ๚๗ๅไ ,25 ,็แ์ ๎ๅใ้๒้๏
1066 ,แ๐้ ๒้"๙ ,BENE AYISH ,44 ,๘็ๅแๅ๚ ,44 ,๘็ๅแๅ๚ ,0 ,
6100 ,แ๐้ แ๘๗ ,BENE BERAQ ,52 ,๘๎๚ โ๏ ,54 ,แ๐้ แ๘๗ ,0 ,
592 ,แ๐้ ใ๘ๅํ ,BENE DAROM ,44 ,๘็ๅแๅ๚ ,44 ,๘็ๅแๅ๚ ,29 ,็แ์ ้แ๐ไ
386 ,แ๐้ ใ๘ๅ๘ ,BENE DEROR ,41 ,ไ๙๘ๅ๏ ,41 ,๐๚๐้ไ ,18 ,์แ ไ๙๘ๅ๏
1363 ,แ๐้ ๐๖๘้ํ ,BENE NEZARIM ,62 ,แเ๘ ๙แ๒ ,62 ,แเ๘ ๙แ๒ ,38 ,เ๙๋ๅ์
588 ,แ๐้ ๘เํ ,BENE RE'EM ,44 ,๘็ๅแๅ๚ ,44 ,๘็ๅแๅ๚ ,31 ,๐็์ ๙ๅ๘๗
4015 ,แ๐้ ้ไๅใไ ,BENE YEHUDA ,29 ,โๅ์๏ ,22 ,่แ๘้ไ ,71 ,โๅ์๏
418 ,แ๐้ ๖้ๅ๏ ,BENE ZIYYON ,41 ,ไ๙๘ๅ๏ ,41 ,๐๚๐้ไ ,19 ,็ๅ๓ ไ๙๘ๅ๏
3612 ,แ๗๒ๅ๚ ,BEQA'OT ,75 ,้๘ใ๏ )้๘้็ๅ( ,23 ,๒๔ๅ์ไ ,75 ,๒๘แๅ๚ ไ้๘ใ๏
864 ,แ๗ๅ๒ ,BEQOA ,11 ,้๘ๅ๙์้ํ ,13 ,แ้๚ ๙๎๙ ,26 ,๎่ไ ้ไๅใไ
3710 ,แ๘๋ไ ,BERAKHA ,72 ,๙๋ํ ,48 ,เ๘้เ์ ,72 ,๙ๅ๎๘ๅ๏
746 ,แ๘๋้ไ ,BEREKHYA ,61 ,เ๙๗์ๅ๏ ,61 ,เ๙๗์ๅ๏ ,36 ,็ๅ๓ เ๙๗์ๅ๏
428 ,แ๘ๅ๘ ็้์ ,BEROR HAYIL ,61 ,เ๙๗์ๅ๏ ,61 ,เ๙๗์ๅ๏ ,37 ,๙๒๘ ไ๐โแ
2060 ,แ๘ๅ๙ ,BEROSH ,62 ,แเ๘ ๙แ๒ ,62 ,แเ๘ ๙แ๒ ,41 ,แ๐้ ๙๎๒ๅ๏
95 ,แ้๚ เ์๔เ ,BET ALFA ,23 ,๒๔ๅ์ไ ,23 ,๒๔ๅ์ไ ,8 ,ไโ์แๅ๒
604 ,แ้๚ ๒๘้๓ ,BET ARIF ,43 ,๘๎์ไ ,43 ,๘๎์ไ ,25 ,็แ์ ๎ๅใ้๒้๏
3652 ,แ้๚ เ๘้ไ ,BET ARYE ,74 ,๘เ๎เ์์ไ ,349 ,๘เ๙ ไ๒้๏ ,0 ,
1076 ,แ้๚ แ๘์ ,BET BERL ,42 ,๔๚็ ๚๗ๅๅไ ,47 ,๋๔๘ ๑แเ ,20 ,ใ๘ๅํ ไ๙๘ๅ๏
466 ,แ้๚ ใโ๏ ,BET DAGAN ,43 ,๘๎์ไ ,43 ,๘๎์ไ ,0 ,
3574 ,แ้๚ เ์ ,BET EL ,74 ,๘เ๎เ์์ไ ,11 ,้๘ๅ๙์้ํ ,0 ,
562 ,แ้๚ เ์๒ๆ๘้ ,BET EL'AZARI ,44 ,๘็ๅแๅ๚ ,44 ,๘็ๅแๅ๚ ,28 ,แ๘๐๘
756 ,แ้๚ ๒ๆ๘เ ,BET EZRA ,61 ,เ๙๗์ๅ๏ ,61 ,เ๙๗์ๅ๏ ,33 ,แเ๘ ่ๅแ้ไ
571 ,แ้๚ โ๎์้เ์ ,BET GAMLI'EL ,44 ,๘็ๅแๅ๚ ,44 ,๘็ๅแๅ๚ ,29 ,็แ์ ้แ๐ไ
619 ,แ้๚ โๅแ๘้๏ ,BET GUVRIN ,61 ,เ๙๗์ๅ๏ ,61 ,เ๙๗์ๅ๏ ,35 ,้ๅเแ
3645 ,แ้๚ ไ๒๘แไ ,BET HAARAVA ,75 ,้๘ใ๏ )้๘้็ๅ( ,11 ,้๘ๅ๙์้ํ ,74 ,๎โ้์ๅ๚ ้ํ ไ๎์็
572 ,แ้๚ ไ๒๎๗ ,BET HAEMEQ ,24 ,๒๋ๅ ,24 ,๒๋ๅ ,4 ,๎่ไ เ๙๘
723 ,แ้๚ ไโใ้ ,BET HAGADDI ,62 ,แเ๘ ๙แ๒ ,62 ,แเ๘ ๙แ๒ ,39 ,๙ใๅ๚ ๐โแ
373 ,แ้๚ ไ์ๅ้ ,BET HALEVI ,41 ,ไ๙๘ๅ๏ ,41 ,๐๚๐้ไ ,16 ,๒๎๗ ็๔๘
159 ,แ้๚ ็๐๏ ,BET HANAN ,44 ,๘็ๅแๅ๚ ,44 ,๘็ๅแๅ๚ ,27 ,โ๏ ๘ๅๅไ
800 ,แ้๚ ็๐๐้ไ ,BET HANANYA ,32 ,็ใ๘ไ ,32 ,็ใ๘ไ ,15 ,็ๅ๓ ไ๋๘๎์
242 ,แ้๚ ไ๙้่ไ ,BET HASHITTA ,23 ,๒๔ๅ์ไ ,23 ,๒๔ๅ์ไ ,8 ,ไโ์แๅ๒
1050 ,แ้๚ ็๙๎ๅ๐เ้ ,BET HASHMONAY ,43 ,๘๎์ไ ,43 ,๘๎์ไ ,30 ,โๆ๘
877 ,แ้๚ ็้๘ๅ๚ ,BET HERUT ,41 ,ไ๙๘ๅ๏ ,41 ,๐๚๐้ไ ,16 ,๒๎๗ ็๔๘
322 ,แ้๚ ไ์์ ,BET HILLEL ,21 ,๖๔๚ ,21 ,๖๔๚ ,55 ,๎แๅเๅ๚ ไ็๘๎ๅ๏
2033 ,แ้๚ ็์๗้ไ ,BET HILQIYYA ,44 ,๘็ๅแๅ๚ ,44 ,๘็ๅแๅ๚ ,31 ,๐็์ ๙ๅ๘๗
3864 ,แ้๚ ็ๅโ์ไ ,BET HOGLA ,75 ,้๘ใ๏ )้๘้็ๅ( ,11 ,้๘ๅ๙์้ํ ,74 ,๎โ้์ๅ๚ ้ํ ไ๎์็
3575 ,แ้๚ ็ๅ๘ๅ๏ ,BET HORON ,74 ,๘เ๎เ์์ไ ,11 ,้๘ๅ๙์้ํ ,73 ,๎่ไ แ๐้๎้๏
430 ,แ้๚ ์็ํ ไโ์้์้๚ ,BET LEHEM HAGELILIT ,23 ,๒๔ๅ์ไ ,23 ,๒๔ๅ์ไ ,9 ,๒๎๗ ้ๆ๘๒เ์
751 ,แ้๚ ๎เ้๘ ,BET ME'IR ,11 ,้๘ๅ๙์้ํ ,13 ,แ้๚ ๙๎๙ ,26 ,๎่ไ ้ไๅใไ
784 ,แ้๚ ๐็๎้ไ ,BET NEHEMYA ,43 ,๘๎์ไ ,43 ,๘๎์ไ ,25 ,็แ์ ๎ๅใ้๒้๏
672 ,แ้๚ ๐๗ๅ๔ไ ,BET NEQOFA ,11 ,้๘ๅ๙์้ํ ,11 ,้๘ๅ๙์้ํ ,26 ,๎่ไ ้ไๅใไ
16 ,แ้๚ ๐้๘ ,BET NIR ,61 ,เ๙๗์ๅ๏ ,61 ,เ๙๗์ๅ๏ ,35 ,้ๅเแ
317 ,แ้๚ เๅ๘๏ ,BET OREN ,32 ,็ใ๘ไ ,32 ,็ใ๘ไ ,15 ,็ๅ๓ ไ๋๘๎์
202 ,แ้๚ ๒ๅแใ ,BET OVED ,44 ,๘็ๅแๅ๚ ,44 ,๘็ๅแๅ๚ ,27 ,โ๏ ๘ๅๅไ
598 ,แ้๚ ๗๎ไ ,BET QAMA ,62 ,แเ๘ ๙แ๒ ,62 ,แเ๘ ๙แ๒ ,41 ,แ๐้ ๙๎๒ๅ๏
365 ,แ้๚ ๗๙๚ ,BET QESHET ,22 ,๋๐๘๚ ,22 ,่แ๘้ไ ,3 ,ไโ์้์ ไ๚็๚ๅ๏
848 ,แ้๚ ๘แ๏ ,BET RABBAN ,44 ,๘็ๅแๅ๚ ,44 ,๘็ๅแๅ๚ ,29 ,็แ์ ้แ๐ไ
1162 ,แ้๚ ๘้๎ๅ๏ ,BET RIMMON ,23 ,๒๔ๅ์ไ ,23 ,๒๔ๅ์ไ ,3 ,ไโ์้์ ไ๚็๚ๅ๏
9200 ,แ้๚ ๙เ๏ ,BET SHE'AN ,23 ,๒๔ๅ์ไ ,23 ,๒๔ๅ์ไ ,0 ,
248 ,แ้๚ ๙๒๘้ํ ,BET SHE'ARIM ,23 ,๒๔ๅ์ไ ,23 ,๒๔ๅ์ไ ,9 ,๒๎๗ ้ๆ๘๒เ์
2610 ,แ้๚ ๙๎๙ ,BET SHEMESH ,11 ,้๘ๅ๙์้ํ ,13 ,แ้๚ ๙๎๙ ,0 ,
747 ,แ้๚ ๙๗๎ไ ,BET SHIQMA ,61 ,เ๙๗์ๅ๏ ,61 ,เ๙๗์ๅ๏ ,36 ,็ๅ๓ เ๙๗์ๅ๏
301 ,แ้๚ ๒ๅๆ้เ์ ,BET UZZI'EL ,43 ,๘๎์ไ ,43 ,๘๎์ไ ,30 ,โๆ๘
200 ,แ้๚ ้๐เ้ ,BET YANNAY ,41 ,ไ๙๘ๅ๏ ,41 ,๐๚๐้ไ ,16 ,๒๎๗ ็๔๘
3745 ,แ้๚ ้๚้๘ ,BET YATTIR ,77 ,็แ๘ๅ๏ ,11 ,้๘ๅ๙์้ํ ,78 ,ไ๘ ็แ๘ๅ๏
288 ,แ้๚ ้ไๅ๙๒ ,BET YEHOSHUA ,41 ,ไ๙๘ๅ๏ ,41 ,๐๚๐้ไ ,19 ,็ๅ๓ ไ๙๘ๅ๏
326 ,แ้๚ ้๖็๗-๙๒๘ ็๔๘ ,BET YIZHAQ-SH. HEFER ,41 ,ไ๙๘ๅ๏ ,41 ,๐๚๐้ไ ,16 ,๒๎๗ ็๔๘
265 ,แ้๚ ้ๅ๑๓ ,BET YOSEF ,23 ,๒๔ๅ์ไ ,23 ,๒๔ๅ์ไ ,7 ,๒๎๗ ไ๎๒้้๐ๅ๚
710 ,แ้๚ ๆ้๚ ,BET ZAYIT ,11 ,้๘ๅ๙์้ํ ,11 ,้๘ๅ๙์้ํ ,26 ,๎่ไ ้ไๅใไ
353 ,แ้๚ ๆ้ใ ,BET ZEID ,23 ,๒๔ๅ์ไ ,23 ,๒๔ๅ์ไ ,9 ,๒๎๗ ้ๆ๘๒เ์
143 ,แ้๚ ๆ๘๒ ,BET ZERA ,22 ,๋๐๘๚ ,22 ,่แ๘้ไ ,6 ,๒๎๗ ไ้๘ใ๏
212 ,แ้๚ ๖แ้ ,BET ZEVI ,32 ,็ใ๘ไ ,32 ,็ใ๘ไ ,15 ,็ๅ๓ ไ๋๘๎์
3780 ,แ้๚๘ ๒้์้๚ ,BETAR ILLIT ,76 ,แ้๚ ์็ํ ,11 ,้๘ๅ๙์้ํ ,0 ,
589 ,แ๖๚ ,BEZET ,24 ,๒๋ๅ ,24 ,๒๋ๅ ,4 ,๎่ไ เ๙๘
483 ,แ๒๐ไ ,BI NE ,24 ,๒๋ๅ ,24 ,๒๋ๅ ,0 ,
9800 ,แ๐้๎้๐ไ-โแ๒๚ ๒ใไ ,BINYAMINA ,32 ,็ใ๘ไ ,32 ,็ใ๘ไ ,0 ,
998 ,แ้๘ เ์-๎๋๑ๅ๘ ,BIR EL-MAKSUR ,24 ,๒๋ๅ ,25 ,๐ๅ๓ ไโ์้์ ,0 ,
1348 ,แ้๘ ไใเโ' ,BIR HADAGE ,62 ,แเ๘ ๙แ๒ ,62 ,แเ๘ ๙แ๒ ,68 ,๐ๅๅไ ๎ใแ๘
368 ,แ้๘้ไ ,BIRIYYA ,21 ,๖๔๚ ,21 ,๖๔๚ ,2 ,๎๘ๅํ ไโ์้์
252 ,แ้๚๏ เไ๘๏ ,BITAN AHARON ,41 ,ไ๙๘ๅ๏ ,41 ,๐๚๐้ไ ,16 ,๒๎๗ ็๔๘
762 ,แ่็ไ ,BITHA ,62 ,แเ๘ ๙แ๒ ,62 ,แเ๘ ๙แ๒ ,42 ,๎๘็แ้ํ
3897 ,แ๚๘ๅ๏ ,BITRON ,75 ,้๘ใ๏ )้๘้็ๅ( ,23 ,๒๔ๅ์ไ ,75 ,๒๘แๅ๚ ไ้๘ใ๏
234 ,แ้๖๘ๅ๏ ,BIZZARON ,61 ,เ๙๗์ๅ๏ ,61 ,เ๙๗์ๅ๏ ,33 ,แเ๘ ่ๅแ้ไ
1368 ,แ๐้ ใ๗์้ํ ,BNE DKALIM ,61 ,เ๙๗์ๅ๏ ,61 ,เ๙๗์ๅ๏ ,50 ,์๋้๙
3757 ,แ๘ๅ๙ ไแ๗๒ไ ,BROSH HABIK'A ,75 ,้๘ใ๏ )้๘้็ๅ( ,11 ,้๘ๅ๙์้ํ ,75 ,๒๘แๅ๚ ไ้๘ใ๏
3744 ,แ๘ๅ๋้๏ ,BRUKHIN ,73 ,่ๅ์ ๋๘ํ ,48 ,เ๘้เ์ ,72 ,๙ๅ๎๘ๅ๏
482 ,แๅ๒้้๐ไ-๐ๅโ'้ใเ๚ ,BU'EINE-NUJEIDAT ,25 ,๐๖๘๚ ,25 ,๐ๅ๓ ไโ์้์ ,0 ,
4001 ,แๅ๗๒เ๚เ ,BUQ'ATA ,29 ,โๅ์๏ ,21 ,๖๔๚ ,0 ,
698 ,แๅ๘โ๚ไ ,BURGETA ,41 ,ไ๙๘ๅ๏ ,41 ,๐๚๐้ไ ,16 ,๒๎๗ ็๔๘
559 ,แๅ๑๚๏ ไโ์้์ ,BUSTAN HAGALIL ,24 ,๒๋ๅ ,24 ,๒๋ๅ ,4 ,๎่ไ เ๙๘
489 ,ใแๅ๘้ไ ,DABBURYE ,23 ,๒๔ๅ์ไ ,23 ,๒๔ๅ์ไ ,0 ,
302 ,ใ๔๐ไ ,DAFNA ,21 ,๖๔๚ ,21 ,๖๔๚ ,1 ,ไโ์้์ ไ๒์้ๅ๏
475 ,ใ็้ ,DAHI ,23 ,๒๔ๅ์ไ ,23 ,๒๔ๅ์ไ ,66 ,แๅ๑๚เ๏ เ์-๎๘โ'
494 ,ใเ์้๚ เ์-๋๘๎์ ,DALIYAT AL-KARMEL ,31 ,็้๔ไ ,31 ,็้๔ไ ,0 ,
300 ,ใ์้ไ ,DALIYYA ,23 ,๒๔ๅ์ไ ,23 ,๒๔ๅ์ไ ,13 ,๎โ้ใๅ
431 ,ใ์๚ๅ๏ ,DALTON ,21 ,๖๔๚ ,21 ,๖๔๚ ,2 ,๎๘ๅํ ไโ์้์
303 ,ใ๏ ,DAN ,21 ,๖๔๚ ,21 ,๖๔๚ ,1 ,ไโ์้์ ไ๒์้ๅ๏
407 ,ใแ๘๚ ,DAVERAT ,23 ,๒๔ๅ์ไ ,23 ,๒๔ๅ์ไ ,9 ,๒๎๗ ้ๆ๘๒เ์
62 ,ใโ๐้ไ เ' ,DEGANYA ALEF ,22 ,๋๐๘๚ ,22 ,่แ๘้ไ ,6 ,๒๎๗ ไ้๘ใ๏
79 ,ใโ๐้ไ แ' ,DEGANYA BET ,22 ,๋๐๘๚ ,22 ,่แ๘้ไ ,6 ,๒๎๗ ไ้๘ใ๏
490 ,ใ้้๘ เ์-เ๑ใ ,DEIR AL-ASAD ,24 ,๒๋ๅ ,24 ,๒๋ๅ ,0 ,
492 ,ใ้้๘ ็๐เ ,DEIR HANNA ,24 ,๒๋ๅ ,24 ,๒๋ๅ ,0 ,
493 ,ใ้้๘ ๘เ๔เ๚ ,DEIR RAFAT ,11 ,้๘ๅ๙์้ํ ,13 ,แ้๚ ๙๎๙ ,26 ,๎่ไ ้ไๅใไ
1317 ,ใ๎้้ใไ ,DEMEIDE ,24 ,๒๋ๅ ,20 ,๋๘๎้เ์ ,56 ,๎๙โแ
1241 ,ใ๗์ ,DEQEL ,62 ,แเ๘ ๙แ๒ ,62 ,แเ๘ ๙แ๒ ,38 ,เ๙๋ๅ์
1349 ,ใ๘้โ'เ๚ ,DERIG'AT ,62 ,แเ๘ ๙แ๒ ,62 ,แเ๘ ๙แ๒ ,69 ,เ์ ๗๑ๅํ
146 ,ใแๅ๘ไ ,DEVORA ,23 ,๒๔ๅ์ไ ,23 ,๒๔ๅ์ไ ,8 ,ไโ์แๅ๒
2200 ,ใ้๎ๅ๐ไ ,DIMONA ,62 ,แเ๘ ๙แ๒ ,62 ,แเ๘ ๙แ๒ ,0 ,
2063 ,ใ้๙ๅ๏ ,DISHON ,21 ,๖๔๚ ,21 ,๖๔๚ ,55 ,๎แๅเๅ๚ ไ็๘๎ๅ๏
3747 ,ใๅ์แ ,DOLEV ,74 ,๘เ๎เ์์ไ ,11 ,้๘ๅ๙์้ํ ,73 ,๎่ไ แ๐้๎้๏
738 ,ใๅ๘ ,DOR ,32 ,็ใ๘ไ ,32 ,็ใ๘ไ ,15 ,็ๅ๓ ไ๋๘๎์
336 ,ใๅ๘ๅ๚ ,DOROT ,61 ,เ๙๗์ๅ๏ ,61 ,เ๙๗์ๅ๏ ,37 ,๙๒๘ ไ๐โแ
1067 ,ใๅแ"แ ,DOVEV ,21 ,๖๔๚ ,21 ,๖๔๚ ,2 ,๎๘ๅํ ไโ์้์
849 ,ใแ้๘ ,DVIR ,62 ,แเ๘ ๙แ๒ ,62 ,แเ๘ ๙แ๒ ,41 ,แ๐้ ๙๎๒ๅ๏
3650 ,เ๔๘๚ ,EFRAT ,76 ,แ้๚ ์็ํ ,11 ,้๘ๅ๙์้ํ ,0 ,
530 ,๒้้์แๅ๏ ,EILABUN ,22 ,๋๐๘๚ ,22 ,่แ๘้ไ ,0 ,
546 ,๒้๏ เ์-เ๑ใ ,EIN AL-ASAD ,24 ,๒๋ๅ ,21 ,๖๔๚ ,2 ,๎๘ๅํ ไโ์้์
1320 ,๒้๏ ็ๅใ ,EIN HOD ,32 ,็ใ๘ไ ,32 ,็ใ๘ไ ,15 ,็ๅ๓ ไ๋๘๎์
532 ,๒้๏ ๎เไ์ ,EIN MAHEL ,25 ,๐๖๘๚ ,25 ,๐ๅ๓ ไโ์้์ ,0 ,
521 ,๒้๏ ๐๗ๅแเ ,EIN NAQQUBA ,11 ,้๘ๅ๙์้ํ ,11 ,้๘ๅ๙์้ํ ,26 ,๎่ไ ้ไๅใไ
4502 ,๒้๏ ๗๐้้เ ,EIN QINIYYE ,29 ,โๅ์๏ ,21 ,๖๔๚ ,0 ,
514 ,๒้๏ ๘เ๔ไ ,EIN RAFA ,11 ,้๘ๅ๙์้ํ ,11 ,้๘ๅ๙์้ํ ,26 ,๎่ไ ้ไๅใไ
1309 ,เ์๒ใ ,EL'AD ,42 ,๔๚็ ๚๗ๅๅไ ,349 ,๘เ๙ ไ๒้๏ ,0 ,
3618 ,เ์๒ๆ๘ ,EL'AZAR ,76 ,แ้๚ ์็ํ ,11 ,้๘ๅ๙์้ํ ,76 ,โๅ๙ ๒๖้ๅ๏
4003 ,เ์-๘ๅํ ,EL-ROM ,29 ,โๅ์๏ ,21 ,๖๔๚ ,71 ,โๅ์๏
2600 ,เ้์๚ ,ELAT ,62 ,แเ๘ ๙แ๒ ,63 ,เ้์๚ ,0 ,
3765 ,๒์้ ,ELI ,72 ,๙๋ํ ,48 ,เ๘้เ์ ,73 ,๎่ไ แ๐้๎้๏
4002 ,เ์้-๒ใ ,ELI-AD ,29 ,โๅ์๏ ,22 ,่แ๘้ไ ,71 ,โๅ์๏
1365 ,เ์้เแ ,ELIAV ,61 ,เ๙๗์ๅ๏ ,61 ,เ๙๗์ๅ๏ ,50 ,์๋้๙
1248 ,เ์้๔ๆ ,ELIFAZ ,62 ,แเ๘ ๙แ๒ ,63 ,เ้์๚ ,53 ,็แ์ เ้์ๅ๚
730 ,เ์้๔์่ ,ELIFELET ,21 ,๖๔๚ ,21 ,๖๔๚ ,55 ,๎แๅเๅ๚ ไ็๘๎ๅ๏
841 ,เ์้๙๎๒ ,ELISHAMA ,42 ,๔๚็ ๚๗ๅๅไ ,47 ,๋๔๘ ๑แเ ,20 ,ใ๘ๅํ ไ๙๘ๅ๏
294 ,เ้์ๅ๏ ,ELON ,24 ,๒๋ๅ ,24 ,๒๋ๅ ,4 ,๎่ไ เ๙๘
3579 ,เ์ๅ๏ ๎ๅ๘ไ ,ELON MORE ,72 ,๙๋ํ ,48 ,เ๘้เ์ ,72 ,๙ๅ๎๘ๅ๏
1126 ,เ้์ๅ๚ ,ELOT ,62 ,แเ๘ ๙แ๒ ,63 ,เ้์๚ ,53 ,็แ์ เ้์ๅ๚
3560 ,เ์๗๐ไ ,ELQANA ,73 ,่ๅ์ ๋๘ํ ,349 ,๘เ๙ ไ๒้๏ ,0 ,
603 ,เ์๗ๅ๙ ,ELQOSH ,24 ,๒๋ๅ ,24 ,๒๋ๅ ,52 ,๎๒์ไ ้ๅ๑๓
41 ,เ์้๋้๏ ,ELYAKHIN ,41 ,ไ๙๘ๅ๏ ,32 ,็ใ๘ไ ,0 ,
682 ,เ์้๗้ํ ,ELYAQIM ,23 ,๒๔ๅ์ไ ,23 ,๒๔ๅ์ไ ,13 ,๎โ้ใๅ
204 ,เ์้๙้แ ,ELYASHIV ,41 ,ไ๙๘ๅ๏ ,32 ,็ใ๘ไ ,16 ,๒๎๗ ็๔๘
772 ,เ๎ๅ๐้ํ ,EMUNIM ,61 ,เ๙๗์ๅ๏ ,61 ,เ๙๗์ๅ๏ ,33 ,แเ๘ ่ๅแ้ไ
687 ,๒้๏ เ้้์ไ ,EN AYYALA ,32 ,็ใ๘ไ ,32 ,็ใ๘ไ ,15 ,็ๅ๓ ไ๋๘๎์
436 ,๒้๏ ใๅ๘ ,EN DOR ,23 ,๒๔ๅ์ไ ,23 ,๒๔ๅ์ไ ,9 ,๒๎๗ ้ๆ๘๒เ์
2042 ,๒้๏ โใ้ ,EN GEDI ,62 ,แเ๘ ๙แ๒ ,62 ,แเ๘ ๙แ๒ ,51 ,๚๎๘
273 ,๒้๏ โแ ,EN GEV ,22 ,๋๐๘๚ ,22 ,่แ๘้ไ ,6 ,๒๎๗ ไ้๘ใ๏
1240 ,๒้๏ ไแ๙ๅ๘ ,EN HABESOR ,62 ,แเ๘ ๙แ๒ ,62 ,แเ๘ ๙แ๒ ,38 ,เ๙๋ๅ์
367 ,๒้๏ ไ๒๎๗ ,EN HAEMEQ ,23 ,๒๔ๅ์ไ ,23 ,๒๔ๅ์ไ ,13 ,๎โ้ใๅ
167 ,๒้๏ ไ็ๅ๘๙ ,EN HAHORESH ,41 ,ไ๙๘ๅ๏ ,41 ,๐๚๐้ไ ,16 ,๒๎๗ ็๔๘
289 ,๒้๏ ไ๎๔๘๕ ,EN HAMIFRAZ ,24 ,๒๋ๅ ,24 ,๒๋ๅ ,4 ,๎่ไ เ๙๘
383 ,๒้๏ ไ๐๖้"แ ,EN HANAZIV ,23 ,๒๔ๅ์ไ ,23 ,๒๔ๅ์ไ ,7 ,๒๎๗ ไ๎๒้้๐ๅ๚
89 ,๒้๏ ็๘ๅใ (เ้็ๅใ) ,EN HAROD (IHUD) ,23 ,๒๔ๅ์ไ ,23 ,๒๔ๅ์ไ ,8 ,ไโ์แๅ๒
82 ,๒้๏ ็๘ๅใ (๎เๅ็ใ) ,EN HAROD(ME'UHAD) ,23 ,๒๔ๅ์ไ ,23 ,๒๔ๅ์ไ ,8 ,ไโ์แๅ๒
676 ,๒้๏ ไ๙์ๅ๙ไ ,EN HASHELOSHA ,62 ,แเ๘ ๙แ๒ ,62 ,แเ๘ ๙แ๒ ,38 ,เ๙๋ๅ์
270 ,๒้๏ ไ๙ๅ๔่ ,EN HASHOFET ,23 ,๒๔ๅ์ไ ,23 ,๒๔ๅ์ไ ,13 ,๎โ้ใๅ
1053 ,๒้๏ ็๖แไ ,EN HAZEVA ,62 ,แเ๘ ๙แ๒ ,63 ,เ้์๚ ,51 ,๚๎๘
74 ,๒้๏ ไๅใ ,EN HOD ,32 ,็ใ๘ไ ,32 ,็ใ๘ไ ,15 ,็ๅ๓ ไ๋๘๎์
223 ,๒้๏ ๒้๘ๅ๏ ,EN IRON ,32 ,็ใ๘ไ ,32 ,็ใ๘ไ ,14 ,๎๐๙ไ
1056 ,๒้๏ ๋๘ํ-แ้"๑ ็๗์เ้ ,EN KAREM-B.S.HAQLA'I ,11 ,้๘ๅ๙์้ํ ,11 ,้๘ๅ๙์้ํ ,26 ,๎่ไ ้ไๅใไ
426 ,๒้๏ ๋๘๎์ ,EN KARMEL ,32 ,็ใ๘ไ ,32 ,็ใ๘ไ ,15 ,็ๅ๓ ไ๋๘๎์
880 ,๒้๏ ๙๘้ใ ,EN SARID ,41 ,ไ๙๘ๅ๏ ,41 ,๐๚๐้ไ ,18 ,์แ ไ๙๘ๅ๏
139 ,๒้๏ ๙๎๘ ,EN SHEMER ,32 ,็ใ๘ไ ,32 ,็ใ๘ไ ,14 ,๎๐๙ไ
1251 ,๒้๏ ๚๎๘ ,EN TAMAR ,62 ,แเ๘ ๙แ๒ ,62 ,แเ๘ ๙แ๒ ,51 ,๚๎๘
157 ,๒้๏ ๅ๘ใ ,EN WERED ,41 ,ไ๙๘ๅ๏ ,41 ,๐๚๐้ไ ,18 ,์แ ไ๙๘ๅ๏
813 ,๒้๏ ้๒๗แ ,EN YA'AQOV ,24 ,๒๋ๅ ,24 ,๒๋ๅ ,52 ,๎๒์ไ ้ๅ๑๓
806 ,๒้๏ ้ไแ ,EN YAHAV ,62 ,แเ๘ ๙แ๒ ,63 ,เ้์๚ ,54 ,ไ๒๘แไ ไ๚้๋ๅ๐ไ
4503 ,๒้๏ ๆ้ๅๅ๏ ,EN ZIWAN ,29 ,โๅ์๏ ,21 ,๖๔๚ ,71 ,โๅ์๏
622 ,๒้๏ ๖ๅ๘้ํ ,EN ZURIM ,61 ,เ๙๗์ๅ๏ ,61 ,เ๙๗์ๅ๏ ,34 ,๙๔้๘
871 ,๒้๐๚ ,ENAT ,42 ,๔๚็ ๚๗ๅๅไ ,349 ,๘เ๙ ไ๒้๏ ,20 ,ใ๘ๅํ ไ๙๘ๅ๏
3712 ,๒๐แ ,ENAV ,73 ,่ๅ์ ๋๘ํ ,41 ,๐๚๐้ไ ,72 ,๙ๅ๎๘ๅ๏
714 ,เ๘ๆ ,EREZ ,61 ,เ๙๗์ๅ๏ ,61 ,เ๙๗์ๅ๏ ,37 ,๙๒๘ ไ๐โแ
71 ,เ๙แๅ์ ,ESHBOL ,62 ,แเ๘ ๙แ๒ ,62 ,แเ๘ ๙แ๒ ,42 ,๎๘็แ้ํ
2021 ,เ๙์ ไ๐๙้เ ,ESHEL HANASI ,62 ,แเ๘ ๙แ๒ ,62 ,แเ๘ ๙แ๒ ,42 ,๎๘็แ้ํ
1188 ,เ๙็๘ ,ESHHAR ,24 ,๒๋ๅ ,20 ,๋๘๎้เ์ ,56 ,๎๙โแ
3722 ,เ๙๋ๅ์ๅ๚ ,ESHKOLOT ,77 ,็แ๘ๅ๏ ,11 ,้๘ๅ๙์้ํ ,78 ,ไ๘ ็แ๘ๅ๏
740 ,เ๙๚เๅ์ ,ESHTA'OL ,11 ,้๘ๅ๙์้ํ ,13 ,แ้๚ ๙๎๙ ,26 ,๎่ไ ้ไๅใไ
37 ,เ้๚๏ ,ETAN ,61 ,เ๙๗์ๅ๏ ,61 ,เ๙๗์ๅ๏ ,34 ,๙๔้๘
886 ,เ้๚๐้ํ ,ETANIM ,11 ,้๘ๅ๙์้ํ ,13 ,แ้๚ ๙๎๙ ,26 ,๎่ไ ้ไๅใไ
1298 ,เ๚โ๘ ,ETGAR ,24 ,๒๋ๅ ,20 ,๋๘๎้เ์ ,56 ,๎๙โแ
3880 ,๒้แ์ ,EVAL ,72 ,๙๋ํ ,48 ,เ๘้เ์ ,72 ,๙ๅ๎๘ๅ๏
1081 ,เแ๏ ๎๐็ํ ,EVEN MENAHEM ,24 ,๒๋ๅ ,24 ,๒๋ๅ ,52 ,๎๒์ไ ้ๅ๑๓
783 ,เแ๏ ๑๔้๘ ,EVEN SAPPIR ,11 ,้๘ๅ๙์้ํ ,11 ,้๘ๅ๙์้ํ ,26 ,๎่ไ ้ไๅใไ
400 ,เแ๏ ๙๎ๅเ์ ,EVEN SHEMU'EL ,61 ,เ๙๗์ๅ๏ ,61 ,เ๙๗์ๅ๏ ,34 ,๙๔้๘
182 ,เแ๏ ้ไๅใไ ,EVEN YEHUDA ,41 ,ไ๙๘ๅ๏ ,41 ,๐๚๐้ไ ,0 ,
369 ,โ์๒ใ (เแ๏ ้๖็๗) ,EVEN YIZHAQ(GAL'ED) ,23 ,๒๔ๅ์ไ ,23 ,๒๔ๅ์ไ ,13 ,๎โ้ใๅ
376 ,๒แ๘ๅ๏ ,EVRON ,24 ,๒๋ๅ ,24 ,๒๋ๅ ,4 ,๎่ไ เ๙๘
716 ,เ้้์ ,EYAL ,42 ,๔๚็ ๚๗ๅๅไ ,47 ,๋๔๘ ๑แเ ,20 ,ใ๘ๅํ ไ๙๘ๅ๏
1149 ,๒ๆ๘ ,EZER ,61 ,เ๙๗์ๅ๏ ,61 ,เ๙๗์ๅ๏ ,33 ,แเ๘ ่ๅแ้ไ
328 ,๒ๆๅๆ ,EZUZ ,62 ,แเ๘ ๙แ๒ ,62 ,แเ๘ ๙แ๒ ,48 ,๘๎๚ ๐โแ
535 ,๔๑ๅ่ไ ,FASSUTA ,24 ,๒๋ๅ ,24 ,๒๋ๅ ,0 ,
537 ,๔ๅ๘้้ใ้๑ ,FUREIDIS ,32 ,็ใ๘ไ ,32 ,็ใ๘ไ ,0 ,
842 ,โ๒๙ ,GA'ASH ,41 ,ไ๙๘ๅ๏ ,41 ,๐๚๐้ไ ,19 ,็ๅ๓ ไ๙๘ๅ๏
463 ,โ๒๚ๅ๏ ,GA'TON ,24 ,๒๋ๅ ,24 ,๒๋ๅ ,4 ,๎่ไ เ๙๘
145 ,โใ้๙ ,GADISH ,23 ,๒๔ๅ์ไ ,23 ,๒๔ๅ์ไ ,8 ,ไโ์แๅ๒
35 ,โใๅ๚ ,GADOT ,21 ,๖๔๚ ,21 ,๖๔๚ ,1 ,ไโ์้์ ไ๒์้ๅ๏
393 ,โ์เๅ๏ ,GAL'ON ,61 ,เ๙๗์ๅ๏ ,61 ,เ๙๗์ๅ๏ ,35 ,้ๅเแ
1072 ,โ๏ ไใ๘ๅํ ,GAN HADAROM ,44 ,๘็ๅแๅ๚ ,44 ,๘็ๅแๅ๚ ,32 ,โใ๘ๅ๚
225 ,โ๏ ไ๙ๅ๎๘ๅ๏ ,GAN HASHOMERON ,32 ,็ใ๘ไ ,32 ,็ใ๘ไ ,14 ,๎๐๙ไ
239 ,โ๏ ็้้ํ ,GAN HAYYIM ,42 ,๔๚็ ๚๗ๅๅไ ,47 ,๋๔๘ ๑แเ ,20 ,ใ๘ๅํ ไ๙๘ๅ๏
1274 ,โ๏ ๐๘ ,GAN NER ,23 ,๒๔ๅ์ไ ,23 ,๒๔ๅ์ไ ,8 ,ไโ์แๅ๒
144 ,โ๏ ๙์๎ไ ,GAN SHELOMO ,44 ,๘็ๅแๅ๚ ,44 ,๘็ๅแๅ๚ ,28 ,แ๘๐๘
72 ,โ๏ ๙๎ๅเ์ ,GAN SHEMU'EL ,32 ,็ใ๘ไ ,32 ,็ใ๘ไ ,14 ,๎๐๙ไ
311 ,โ๏ ๙ๅ๘๗ ,GAN SOREQ ,44 ,๘็ๅแๅ๚ ,44 ,๘็ๅแๅ๚ ,27 ,โ๏ ๘ๅๅไ
166 ,โ๏ ้แ๐ไ ,GAN YAVNE ,44 ,๘็ๅแๅ๚ ,44 ,๘็ๅแๅ๚ ,0 ,
734 ,โ๏ ้เ๙้ไ ,GAN YOSHIYYA ,41 ,ไ๙๘ๅ๏ ,41 ,๐๚๐้ไ ,16 ,๒๎๗ ็๔๘
218 ,โ๐้ ๒ํ ,GANNE AM ,42 ,๔๚็ ๚๗ๅๅไ ,47 ,๋๔๘ ๑แเ ,20 ,ใ๘ๅํ ไ๙๘ๅ๏
1103 ,โ๐้ ไใ๘ ,GANNE HADAR ,43 ,๘๎์ไ ,43 ,๘๎์ไ ,30 ,โๆ๘
3823 ,โ๐้ ๎ๅใ้๒้๏ ,GANNE MODIIN ,74 ,๘เ๎เ์์ไ ,11 ,้๘ๅ๙์้ํ ,73 ,๎่ไ แ๐้๎้๏
1371 ,โ๐้ ่์ ,GANNE TAL ,44 ,๘็ๅแๅ๚ ,44 ,๘็ๅแๅ๚ ,31 ,๐็์ ๙ๅ๘๗
229 ,โ๐้ ๚๗ๅๅไ ,GANNE TIQWA ,42 ,๔๚็ ๚๗ๅๅไ ,42 ,๔๚็ ๚๗ๅไ ,0 ,
862 ,โ๐้ ้ๅ็๐๏ ,GANNE YOHANAN ,44 ,๘็ๅแๅ๚ ,44 ,๘็ๅแๅ๚ ,30 ,โๆ๘
3758 ,โ๐้ํ ,GANNIM ,71 ,โ'๐้๏ ,32 ,็ใ๘ไ ,72 ,๙ๅ๎๘ๅ๏
836 ,โ๐ๅ๚ ,GANNOT ,43 ,๘๎์ไ ,43 ,๘๎์ไ ,40 ,๙ใๅ๚ ใ๏
549 ,โ๐ๅ๚ ไใ๘ ,GANNOT HADAR ,41 ,ไ๙๘ๅ๏ ,41 ,๐๚๐้ไ ,18 ,์แ ไ๙๘ๅ๏
128 ,โ๚ ๘้๎ๅ๏ ,GAT RIMMON ,42 ,๔๚็ ๚๗ๅๅไ ,42 ,๔๚็ ๚๗ๅไ ,20 ,ใ๘ๅํ ไ๙๘ๅ๏
340 ,โ๚ (๗้แๅ๕) ,GAT(QIBBUZ) ,61 ,เ๙๗์ๅ๏ ,61 ,เ๙๗์ๅ๏ ,35 ,้ๅเแ
457 ,โๆ้๚ ,GAZIT ,23 ,๒๔ๅ์ไ ,23 ,๒๔ๅ์ไ ,9 ,๒๎๗ ้ๆ๘๒เ์
706 ,โ้เไ ,GE'A ,61 ,เ๙๗์ๅ๏ ,61 ,เ๙๗์ๅ๏ ,36 ,็ๅ๓ เ๙๗์ๅ๏
853 ,โเ์้ไ ,GE'ALYA ,44 ,๘็ๅแๅ๚ ,44 ,๘็ๅแๅ๚ ,27 ,โ๏ ๘ๅๅไ
872 ,โเๅ์้ ๚้๎๏ ,GE'ULE TEMAN ,41 ,ไ๙๘ๅ๏ ,32 ,็ใ๘ไ ,16 ,๒๎๗ ็๔๘
379 ,โเๅ์้ํ ,GE'ULIM ,41 ,ไ๙๘ๅ๏ ,41 ,๐๚๐้ไ ,18 ,์แ ไ๙๘ๅ๏
2550 ,โใ๘ไ ,GEDERA ,44 ,๘็ๅแๅ๚ ,44 ,๘็ๅแๅ๚ ,0 ,
39 ,โ๔๏ ,GEFEN ,11 ,้๘ๅ๙์้ํ ,13 ,แ้๚ ๙๎๙ ,26 ,๎่ไ ้ไๅใไ
346 ,โ์้์ ้ํ ,GELIL YAM ,51 ,๚์ เแ้แ ,57 ,ไ๘๖์้ไ ,19 ,็ๅ๓ ไ๙๘ๅ๏
1129 ,โ๘ๅ๔้๚ ,GEROFIT ,62 ,แเ๘ ๙แ๒ ,63 ,เ้์๚ ,53 ,็แ์ เ้์ๅ๚
305 ,โ๙๘ ,GESHER ,22 ,๋๐๘๚ ,22 ,่แ๘้ไ ,7 ,๒๎๗ ไ๎๒้้๐ๅ๚
574 ,โ๙๘ ไๆ้ๅ ,GESHER HAZIW ,24 ,๒๋ๅ ,24 ,๒๋ๅ ,4 ,๎่ไ เ๙๘
4022 ,โ๙ๅ๘ ,GESHUR ,29 ,โๅ์๏ ,22 ,่แ๘้ไ ,71 ,โๅ์๏
86 ,โแ๒ ,GEVA ,23 ,๒๔ๅ์ไ ,23 ,๒๔ๅ์ไ ,8 ,ไโ์แๅ๒
683 ,โแ๒ ๋๘๎์ ,GEVA KARMEL ,32 ,็ใ๘ไ ,32 ,็ใ๘ไ ,15 ,็ๅ๓ ไ๋๘๎์
3763 ,โแ๒ แ๐้๎้๏ ,GEVA BINYAMIN ,74 ,๘เ๎เ์์ไ ,11 ,้๘ๅ๙์้ํ ,73 ,๎่ไ แ๐้๎้๏
1344 ,โแ๒ๅ๚ แ๘ ,GEVA'OT BAR ,62 ,แเ๘ ๙แ๒ ,62 ,แเ๘ ๙แ๒ ,41 ,แ๐้ ๙๎๒ๅ๏
342 ,โแ๘๒ํ ,GEVAR'AM ,61 ,เ๙๗์ๅ๏ ,61 ,เ๙๗์ๅ๏ ,36 ,็ๅ๓ เ๙๗์ๅ๏
133 ,โแ๚ ,GEVAT ,23 ,๒๔ๅ์ไ ,23 ,๒๔ๅ์ไ ,9 ,๒๎๗ ้ๆ๘๒เ์
424 ,โแ้ํ ,GEVIM ,61 ,เ๙๗์ๅ๏ ,61 ,เ๙๗์ๅ๏ ,37 ,๙๒๘ ไ๐โแ
352 ,โแๅ์ๅ๚ ,GEVULOT ,62 ,แเ๘ ๙แ๒ ,62 ,แเ๘ ๙แ๒ ,38 ,เ๙๋ๅ์
370 ,โๆ๘ ,GEZER ,43 ,๘๎์ไ ,43 ,๘๎์ไ ,30 ,โๆ๘
4501 ,๒'โ'๘ ,GHAJAR ,29 ,โๅ์๏ ,21 ,๖๔๚ ,0 ,
196 ,โ้แ๚ๅ๏ ,GIBBETON ,44 ,๘็ๅแๅ๚ ,44 ,๘็ๅแๅ๚ ,28 ,แ๘๐๘
442 ,โใ๒ๅ๐ไ ,GID'ONA ,23 ,๒๔ๅ์ไ ,23 ,๒๔ๅ์ไ ,8 ,ไโ์แๅ๒
736 ,โ้์๚ ,GILAT ,62 ,แเ๘ ๙แ๒ ,62 ,แเ๘ ๙แ๒ ,42 ,๎๘็แ้ํ
3606 ,โ์โ์ ,GILGAL ,75 ,้๘ใ๏ )้๘้็ๅ( ,23 ,๒๔ๅ์ไ ,75 ,๒๘แๅ๚ ไ้๘ใ๏
1204 ,โ้์ๅ๏ ,GILON ,24 ,๒๋ๅ ,20 ,๋๘๎้เ์ ,56 ,๎๙โแ
745 ,โ๎ๆๅ ,GIMZO ,43 ,๘๎์ไ ,43 ,๘๎์ไ ,25 ,็แ์ ๎ๅใ้๒้๏
863 ,โ้๐๚ๅ๏ ,GINNATON ,43 ,๘๎์ไ ,43 ,๘๎์ไ ,25 ,็แ์ ๎ๅใ้๒้๏
92 ,โ้๐้โ๘ ,GINNEGAR ,23 ,๒๔ๅ์ไ ,23 ,๒๔ๅ์ไ ,9 ,๒๎๗ ้ๆ๘๒เ์
262 ,โ้๐ๅ๑๘ ,GINNOSAR ,22 ,๋๐๘๚ ,22 ,่แ๘้ไ ,6 ,๒๎๗ ไ้๘ใ๏
1206 ,โ้๚ไ ,GITTA ,24 ,๒๋ๅ ,24 ,๒๋ๅ ,52 ,๎๒์ไ ้ๅ๑๓
3613 ,โ้๚้๚ ,GITTIT ,75 ,้๘ใ๏ )้๘้็ๅ( ,23 ,๒๔ๅ์ไ ,75 ,๒๘แๅ๚ ไ้๘ใ๏
1293 ,โแ๒๚ เแ๐้ ,GIV'AT AVNI ,22 ,๋๐๘๚ ,22 ,่แ๘้ไ ,3 ,ไโ์้์ ไ๚็๚ๅ๏
147 ,โแ๒๚ แ๘๐๘ ,GIV'AT BRENNER ,44 ,๘็ๅแๅ๚ ,44 ,๘็ๅแๅ๚ ,28 ,แ๘๐๘
1288 ,โแ๒๚ เ์ไ ,GIV'AT ELA ,23 ,๒๔ๅ์ไ ,23 ,๒๔ๅ์ไ ,9 ,๒๎๗ ้ๆ๘๒เ์
870 ,โแ๒๚ ไ๙์ๅ๙ไ ,GIV'AT HASHELOSHA ,42 ,๔๚็ ๚๗ๅๅไ ,349 ,๘เ๙ ไ๒้๏ ,20 ,ใ๘ๅํ ไ๙๘ๅ๏
2018 ,โแ๒๚ ็้้ํ (เ้็ๅใ) ,GIV'AT HAYYIM (IHUD) ,41 ,ไ๙๘ๅ๏ ,41 ,๐๚๐้ไ ,16 ,๒๎๗ ็๔๘
173 ,โแ๒๚ ็้้ํ (๎เๅ็ใ) ,GIV'AT HAYYIM(ME'UHA ,41 ,ไ๙๘ๅ๏ ,41 ,๐๚๐้ไ ,16 ,๒๎๗ ็๔๘
207 ,โแ๒๚ ็"๏ ,GIV'AT HEN ,42 ,๔๚็ ๚๗ๅๅไ ,47 ,๋๔๘ ๑แเ ,20 ,ใ๘ๅํ ไ๙๘ๅ๏
802 ,โแ๒๚ ๋"็ ,GIV'AT KOAH ,42 ,๔๚็ ๚๗ๅๅไ ,42 ,๔๚็ ๚๗ๅไ ,25 ,็แ์ ๎ๅใ้๒้๏
360 ,โแ๒๚ ๐้์"้ ,GIV'AT NILI ,32 ,็ใ๘ไ ,32 ,็ใ๘ไ ,45 ,เ์ๅ๐ไ
703 ,โแ๒๚ ๒ๅๆ ,GIV'AT OZ ,23 ,๒๔ๅ์ไ ,23 ,๒๔ๅ์ไ ,13 ,๎โ้ใๅ
1077 ,โแ๒๚ ๙๔้๘เ ,GIV'AT SHAPPIRA ,41 ,ไ๙๘ๅ๏ ,41 ,๐๚๐้ไ ,16 ,๒๎๗ ็๔๘
566 ,โแ๒๚ ๙๎๙ ,GIV'AT SHEMESH ,11 ,้๘ๅ๙์้ํ ,13 ,แ้๚ ๙๎๙ ,26 ,๎่ไ ้ไๅใไ
681 ,โแ๒๚ ๙๎ๅเ์ ,GIV'AT SHEMU'EL ,42 ,๔๚็ ๚๗ๅๅไ ,42 ,๔๚็ ๚๗ๅไ ,0 ,
787 ,โแ๒๚ ้๒๘้ํ ,GIV'AT YE'ARIM ,11 ,้๘ๅ๙์้ํ ,13 ,แ้๚ ๙๎๙ ,26 ,๎่ไ ้ไๅใไ
919 ,โแ๒๚ ้๙๒้ไๅ ,GIV'AT YESHA'YAHU ,11 ,้๘ๅ๙์้ํ ,13 ,แ้๚ ๙๎๙ ,26 ,๎่ไ ้ไๅใไ
4021 ,โแ๒๚ ้ๅเแ ,GIV'AT YO'AV ,29 ,โๅ์๏ ,22 ,่แ๘้ไ ,71 ,โๅ์๏
3730 ,โแ๒๚ ๆเแ ,GIV'AT ZE'EV ,74 ,๘เ๎เ์์ไ ,11 ,้๘ๅ๙์้ํ ,0 ,
6300 ,โแ๒๚้้ํ ,GIV'ATAYIM ,52 ,๘๎๚ โ๏ ,52 ,๘๎๚ โ๏ ,0 ,
793 ,โแ๒๚้ ,GIV'ATI ,61 ,เ๙๗์ๅ๏ ,61 ,เ๙๗์ๅ๏ ,33 ,แเ๘ ่ๅแ้ไ
2014 ,โแ๒ๅ์้ํ ,GIV'OLIM ,62 ,แเ๘ ๙แ๒ ,62 ,แเ๘ ๙แ๒ ,39 ,๙ใๅ๚ ๐โแ
3644 ,โแ๒ๅ๏ ไ็ใ๙ไ ,GIV'ON HAHADASHA ,74 ,๘เ๎เ์์ไ ,11 ,้๘ๅ๙์้ํ ,73 ,๎่ไ แ๐้๎้๏
1362 ,โแ๒ๅ๚ ๒ใ๏ ,GIV'OT EDEN ,11 ,้๘ๅ๙์้ํ ,13 ,แ้๚ ๙๎๙ ,26 ,๎่ไ ้ไๅใไ
3862 ,โแ๒ๅ๚ ไ๘ๅเไ ,GIV'OT HARO'E ,74 ,๘เ๎เ์์ไ ,48 ,เ๘้เ์ ,73 ,๎่ไ แ๐้๎้๏
1043 ,โ้ๆๅ ,GIZO ,11 ,้๘ๅ๙์้ํ ,13 ,แ้๚ ๙๎๙ ,26 ,๎่ไ ้ไๅใไ
3893 ,โๅใ๘ ,GODER ,75 ,้๘ใ๏ )้๘้็ๅ( ,11 ,้๘ๅ๙์้ํ ,75 ,๒๘แๅ๚ ไ้๘ใ๏
852 ,โๅ๐๏ ,GONEN ,21 ,๖๔๚ ,21 ,๖๔๚ ,1 ,ไโ์้์ ไ๒์้ๅ๏
755 ,โๅ๘๏ ,GOREN ,24 ,๒๋ๅ ,24 ,๒๋ๅ ,52 ,๎๒์ไ ้ๅ๑๓
1219 ,โๅ๘๐ๅ๚ ไโ์้์ ,GORNOT HAGALIL ,24 ,๒๋ๅ ,24 ,๒๋ๅ ,52 ,๎๒์ไ ้ๅ๑๓
3783 ,โแ๒ๅ๚ ,GVA'OT ,76 ,แ้๚ ์็ํ ,11 ,้๘ๅ๙์้ํ ,76 ,โๅ๙ ๒๖้ๅ๏
675 ,ไแๅ๐้ํ ,HABONIM ,32 ,็ใ๘ไ ,32 ,็ใ๘ไ ,15 ,็ๅ๓ ไ๋๘๎์
4026 ,็ใ-๐๑ ,HAD-NES ,29 ,โๅ์๏ ,22 ,่แ๘้ไ ,71 ,โๅ์๏
191 ,ไใ๘ ๒ํ ,HADAR AM ,41 ,ไ๙๘ๅ๏ ,41 ,๐๚๐้ไ ,16 ,๒๎๗ ็๔๘
6500 ,็ใ๘ไ ,HADERA ,32 ,็ใ๘ไ ,32 ,็ใ๘ไ ,0 ,
618 ,็ใ้ใ ,HADID ,43 ,๘๎์ไ ,43 ,๘๎์ไ ,25 ,็แ์ ๎ๅใ้๒้๏
363 ,็๔๕ ็้้ํ ,HAFEZ HAYYIM ,44 ,๘็ๅแๅ๚ ,44 ,๘็ๅแๅ๚ ,31 ,๐็์ ๙ๅ๘๗
3764 ,็โ้ ,HAGGAI ,77 ,็แ๘ๅ๏ ,11 ,้๘ๅ๙์้ํ ,78 ,ไ๘ ็แ๘ๅ๏
717 ,็โๅ๘ ,HAGOR ,42 ,๔๚็ ๚๗ๅๅไ ,42 ,๔๚็ ๚๗ๅไ ,20 ,ใ๘ๅํ ไ๙๘ๅ๏
356 ,ไโๅ๙๘้ํ ,HAGOSHERIM ,21 ,๖๔๚ ,21 ,๖๔๚ ,1 ,ไโ์้์ ไ๒์้ๅ๏
434 ,ไ็ๅ๚๘้ํ ,HAHOTERIM ,32 ,็ใ๘ไ ,32 ,็ใ๘ไ ,15 ,็ๅ๓ ไ๋๘๎์
4000 ,็้๔ไ ,HAIFA ,31 ,็้๔ไ ,31 ,็้๔ไ ,0 ,
1272 ,็์ๅ๕ ,HALUZ ,24 ,๒๋ๅ ,20 ,๋๘๎้เ์ ,56 ,๎๙โแ
377 ,ไ๎๒๔้์ ,HAMA'PIL ,41 ,ไ๙๘ๅ๏ ,32 ,็ใ๘ไ ,16 ,๒๎๗ ็๔๘
343 ,็๎ใ้ไ ,HAMADYA ,23 ,๒๔ๅ์ไ ,23 ,๒๔ๅ์ไ ,7 ,๒๎๗ ไ๎๒้้๐ๅ๚
993 ,็๎เํ ,HAMAM ,22 ,๋๐๘๚ ,22 ,่แ๘้ไ ,65 ,เ์-แ่ๅ๓
3609 ,็๎๘ไ ,HAMRA ,75 ,้๘ใ๏ )้๘้็ๅ( ,23 ,๒๔ๅ์ไ ,75 ,๒๘แๅ๚ ไ้๘ใ๏
280 ,็๐้๚ไ ,HANITA ,24 ,๒๋ๅ ,24 ,๒๋ๅ ,4 ,๎่ไ เ๙๘
1257 ,็๐๚ๅ๏ ,HANNATON ,23 ,๒๔ๅ์ไ ,23 ,๒๔ๅ์ไ ,9 ,๒๎๗ ้ๆ๘๒เ์
807 ,็๐้เ์ ,HANNI'EL ,41 ,ไ๙๘ๅ๏ ,41 ,๐๚๐้ไ ,16 ,๒๎๗ ็๔๘
423 ,ไ๒ๅโ๏ ,HAOGEN ,41 ,ไ๙๘ๅ๏ ,41 ,๐๚๐้ไ ,16 ,๒๎๗ ็๔๘
702 ,ไเๅ๏ ,HAON ,22 ,๋๐๘๚ ,22 ,่แ๘้ไ ,6 ,๒๎๗ ไ้๘ใ๏
3769 ,ไ๘ เใ๘ ,HAR ADAR ,74 ,๘เ๎เ์์ไ ,11 ,้๘ๅ๙์้ํ ,0 ,
1261 ,ไ๘ ๒๎๙เ ,HAR AMASA ,62 ,แเ๘ ๙แ๒ ,62 ,แเ๘ ๙แ๒ ,51 ,๚๎๘
3603 ,ไ๘ โ้์ไ ,HAR GILLO ,76 ,แ้๚ ์็ํ ,11 ,้๘ๅ๙์้ํ ,76 ,โๅ๙ ๒๖้ๅ๏
464 ,ไ๘เ์ ,HAR'EL ,11 ,้๘ๅ๙์้ํ ,13 ,แ้๚ ๙๎๙ ,26 ,๎่ไ ้ไๅใไ
1203 ,ไ๘๘้๚ ,HARARIT ,24 ,๒๋ๅ ,20 ,๋๘๎้เ์ ,56 ,๎๙โแ
1209 ,็๘๙้ํ ,HARASHIM ,24 ,๒๋ๅ ,20 ,๋๘๎้เ์ ,56 ,๎๙โแ
1249 ,ไ๘ใๅ๓ ,HARDUF ,23 ,๒๔ๅ์ไ ,23 ,๒๔ๅ์ไ ,9 ,๒๎๗ ้ๆ๘๒เ์
3870 ,็๘๙ไ ,HARESHA ,74 ,๘เ๎เ์์ไ ,11 ,้๘ๅ๙์้ํ ,73 ,๎่ไ แ๐้๎้๏
1247 ,็๘้๙ ,HARISH ,32 ,็ใ๘ไ ,32 ,็ใ๘ไ ,0 ,
1024 ,็๘ๅ๖้ํ ,HARUZIM ,41 ,ไ๙๘ๅ๏ ,41 ,๐๚๐้ไ ,19 ,็ๅ๓ ไ๙๘ๅ๏
3770 ,็๙๎ๅ๐เ้ํ ,HASHMONA'IM ,74 ,๘เ๎เ์์ไ ,11 ,้๘ๅ๙์้ํ ,73 ,๎่ไ แ๐้๎้๏
677 ,ไ๑ๅ์์้ํ ,HASOLELIM ,23 ,๒๔ๅ์ไ ,23 ,๒๔ๅ์ไ ,9 ,๒๎๗ ้ๆ๘๒เ์
4005 ,็๑๔้๏ ,HASPIN ,29 ,โๅ์๏ ,22 ,่แ๘้ไ ,71 ,โๅ์๏
235 ,็แ๖์๚ ไ๙๘ๅ๏ ,HAVAZZELET HASHARON ,41 ,ไ๙๘ๅ๏ ,41 ,๐๚๐้ไ ,16 ,๒๎๗ ็๔๘
1169 ,ไๅๅเ๙์ไ (๙แ่) ,HAWASHLA ,62 ,แเ๘ ๙แ๒ ,62 ,แเ๘ ๙แ๒ ,0 ,
684 ,ไ้ๅโแ ,HAYOGEV ,23 ,๒๔ๅ์ไ ,23 ,๒๔ๅ์ไ ,9 ,๒๎๗ ้ๆ๘๒เ์
700 ,็๖แ ,HAZAV ,61 ,เ๙๗์ๅ๏ ,61 ,เ๙๗์ๅ๏ ,33 ,แเ๘ ่ๅแ้ไ
397 ,็๖๘้ํ ,HAZERIM ,62 ,แเ๘ ๙แ๒ ,62 ,แเ๘ ๙แ๒ ,41 ,แ๐้ ๙๎๒ๅ๏
13 ,็๖แไ ,HAZEVA ,62 ,แเ๘ ๙แ๒ ,63 ,เ้์๚ ,54 ,ไ๒๘แไ ไ๚้๋ๅ๐ไ
1047 ,็ๆๅ๏ ,HAZON ,22 ,๋๐๘๚ ,22 ,่แ๘้ไ ,2 ,๎๘ๅํ ไโ์้์
2034 ,็๖ๅ๘ ไโ์้์้๚ ,HAZOR HAGELILIT ,21 ,๖๔๚ ,21 ,๖๔๚ ,0 ,
406 ,็๖ๅ๘-เ๙ใๅใ ,HAZOR-ASHDOD ,61 ,เ๙๗์ๅ๏ ,61 ,เ๙๗์ๅ๏ ,33 ,แเ๘ ่ๅแ้ไ
307 ,ไๆๅ๘๒้ํ ,HAZORE'IM ,22 ,๋๐๘๚ ,22 ,่แ๘้ไ ,3 ,ไโ์้์ ไ๚็๚ๅ๏
250 ,ไๆๅ๘๒ ,HAZOREA ,23 ,๒๔ๅ์ไ ,23 ,๒๔ๅ์ไ ,13 ,๎โ้ใๅ
90 ,็๔๖้-แไ ,HEFZI-BAH ,23 ,๒๔ๅ์ไ ,23 ,๒๔ๅ์ไ ,8 ,ไโ์แๅ๒
820 ,็์๕ ,HELEZ ,61 ,เ๙๗์ๅ๏ ,61 ,เ๙๗์ๅ๏ ,36 ,็ๅ๓ เ๙๗์ๅ๏
801 ,็๎ใ ,HEMED ,43 ,๘๎์ไ ,43 ,๘๎์ไ ,40 ,๙ใๅ๚ ใ๏
422 ,็๘แ ์เ๚ ,HEREV LE'ET ,41 ,ไ๙๘ๅ๏ ,32 ,็ใ๘ไ ,16 ,๒๎๗ ็๔๘
3717 ,็๘๎๙ ,HERMESH ,71 ,โ'๐้๏ ,32 ,็ใ๘ไ ,72 ,๙ๅ๎๘ๅ๏
162 ,็้๘ๅ๚ ,HERUT ,41 ,ไ๙๘ๅ๏ ,41 ,๐๚๐้ไ ,18 ,์แ ไ๙๘ๅ๏
6400 ,ไ๘๖์้ไ ,HERZELIYYA ,51 ,๚์ เแ้แ ,57 ,ไ๘๖์้ไ ,0 ,
1110 ,็แ๘ ,HEVER ,23 ,๒๔ๅ์ไ ,23 ,๒๔ๅ์ไ ,8 ,ไโ์แๅ๒
219 ,็้แ๚ ๖้ๅ๏ ,HIBBAT ZIYYON ,41 ,ไ๙๘ๅ๏ ,32 ,็ใ๘ไ ,16 ,๒๎๗ ็๔๘
1208 ,ไ้์ไ ,HILLA ,24 ,๒๋ๅ ,24 ,๒๋ๅ ,52 ,๎๒์ไ ้ๅ๑๓
3643 ,็้๐๐้๚ ,HINNANIT ,71 ,โ'๐้๏ ,32 ,็ใ๘ไ ,72 ,๙ๅ๎๘ๅ๏
9700 ,ไๅใ ไ๙๘ๅ๏ ,HOD HASHARON ,42 ,๔๚็ ๚๗ๅๅไ ,47 ,๋๔๘ ๑แเ ,0 ,
1322 ,ไๅใ้ๅ๚ ,HODAYOT ,22 ,๋๐๘๚ ,22 ,่แ๘้ไ ,3 ,ไโ์้์ ไ๚็๚ๅ๏
726 ,ไๅใ้ไ ,HODIYYA ,61 ,เ๙๗์ๅ๏ ,61 ,เ๙๗์ๅ๏ ,36 ,็ๅ๓ เ๙๗์ๅ๏
115 ,็ๅ๔้๚ ,HOFIT ,41 ,ไ๙๘ๅ๏ ,41 ,๐๚๐้ไ ,16 ,๒๎๗ ็๔๘
205 ,็โ์ไ ,HOGLA ,41 ,ไ๙๘ๅ๏ ,32 ,็ใ๘ไ ,16 ,๒๎๗ ็๔๘
1239 ,็ๅ์้๚ ,HOLIT ,62 ,แเ๘ ๙แ๒ ,62 ,แเ๘ ๙แ๒ ,38 ,เ๙๋ๅ์
6600 ,็ๅ์ๅ๏ ,HOLON ,53 ,็ๅ์ๅ๏ ,53 ,็ๅ์ๅ๏ ,0 ,
3642 ,็ๅ๎๙ ,HOMESH ,73 ,่ๅ์ ๋๘ํ ,41 ,๐๚๐้ไ ,72 ,๙ๅ๎๘ๅ๏
355 ,็ๅ๘๙้ํ ,HORESHIM ,42 ,๔๚็ ๚๗ๅๅไ ,349 ,๘เ๙ ไ๒้๏ ,20 ,ใ๘ๅํ ไ๙๘ๅ๏
662 ,็ๅ๑๏ ,HOSEN ,24 ,๒๋ๅ ,24 ,๒๋ๅ ,52 ,๎๒์ไ ้ๅ๑๓
1186 ,ไๅ๙๒้ไ ,HOSHA'AYA ,23 ,๒๔ๅ์ไ ,23 ,๒๔ๅ์ไ ,9 ,๒๎๗ ้ๆ๘๒เ์
948 ,็ๅโ'้้๘เ๚ (ใ'ไ๘ไ) ,HUJEIRAT (DAHRA) ,24 ,๒๋ๅ ,24 ,๒๋ๅ ,56 ,๎๙โแ
253 ,็ๅ์๚ไ ,HULATA ,21 ,๖๔๚ ,21 ,๖๔๚ ,1 ,ไโ์้์ ไ๒์้ๅ๏
160 ,็ๅ์ใไ ,HULDA ,43 ,๘๎์ไ ,43 ,๘๎์ไ ,30 ,โๆ๘
374 ,็ๅ๗ๅ๗ ,HUQOQ ,22 ,๋๐๘๚ ,22 ,่แ๘้ไ ,6 ,๒๎๗ ไ้๘ใ๏
1303 ,็ๅ๘ไ ,HURA ,62 ,แเ๘ ๙แ๒ ,62 ,แเ๘ ๙แ๒ ,0 ,
496 ,็ๅ๘๔้๙ ,HURFEISH ,24 ,๒๋ๅ ,24 ,๒๋ๅ ,0 ,
1332 ,็ๅ๑๐้้ไ ,HUSSNIYYA ,24 ,๒๋ๅ ,20 ,๋๘๎้เ์ ,56 ,๎๙โแ
956 ,ไๅๆ้้์ (๙แ่) ,HUZAYYEL ,62 ,แเ๘ ๙แ๒ ,62 ,แเ๘ ๙แ๒ ,0 ,
529 ,เ๒แ์้๏ ,I'BILLIN ,24 ,๒๋ๅ ,24 ,๒๋ๅ ,0 ,
3891 ,เ้แ้ ไ๐็์ ,IBBE HANAHAL ,76 ,แ้๚ ์็ํ ,11 ,้๘ๅ๙์้ํ ,76 ,โๅ๙ ๒๖้ๅ๏
338 ,เ้แ้ํ ,IBBIM ,61 ,เ๙๗์ๅ๏ ,61 ,เ๙๗์ๅ๏ ,37 ,๙๒๘ ไ๐โแ
652 ,เแ่้๏ ,IBTIN ,31 ,็้๔ไ ,31 ,็้๔ไ ,12 ,ๆแๅ์ๅ๏
1175 ,๒้ใ๏ ,IDDAN ,62 ,แเ๘ ๙แ๒ ,62 ,แเ๘ ๙แ๒ ,54 ,ไ๒๘แไ ไ๚้๋ๅ๐ไ
478 ,เ๋๑เ์ ,IKSAL ,23 ,๒๔ๅ์ไ ,23 ,๒๔ๅ์ไ ,0 ,
49 ,เ้์๐้ไ ,ILANIYYA ,22 ,๋๐๘๚ ,22 ,่แ๘้ไ ,3 ,ไโ์้์ ไ๚็๚ๅ๏
511 ,๒้์ๅ่ ,ILUT ,25 ,๐๖๘๚ ,25 ,๐ๅ๓ ไโ์้์ ,0 ,
3660 ,๒๎๐ๅเ์ ,IMMANU'EL ,73 ,่ๅ์ ๋๘ํ ,349 ,๘เ๙ ไ๒้๏ ,0 ,
1187 ,๒้๘ เๅแๅ๚ ,IR OVOT ,62 ,แเ๘ ๙แ๒ ,62 ,แเ๘ ๙แ๒ ,54 ,ไ๒๘แไ ไ๚้๋ๅ๐ไ
1336 ,เ้๘ๅ๑ ,IRUS ,44 ,๘็ๅแๅ๚ ,44 ,๘็ๅแๅ๚ ,27 ,โ๏ ๘ๅๅไ
534 ,๒๑๔้เ ,ISIFYA ,31 ,็้๔ไ ,31 ,็้๔ไ ,0 ,
3762 ,เ้๚๎๘ ,ITAMAR ,72 ,๙๋ํ ,48 ,เ๘้เ์ ,72 ,๙ๅ๎๘ๅ๏
628 ,โ'๚ ,JAAT ,32 ,็ใ๘ไ ,32 ,็ใ๘ไ ,0 ,
627 ,โ'์โ'ๅ์้ไ ,JALJULYE ,42 ,๔๚็ ๚๗ๅๅไ ,47 ,๋๔๘ ๑แเ ,0 ,
3000 ,้๘ๅ๙์้ํ ,JERUSALEM ,11 ,้๘ๅ๙์้ํ ,11 ,้๘ๅ๙์้ํ ,0 ,
487 ,โ'๙ (โๅ๙ ็์แ) ,JISH(GUSH HALAV) ,21 ,๖๔๚ ,21 ,๖๔๚ ,0 ,
541 ,โ'๑๘ เ-ๆ๘๗เ ,JISR AZ-ZARQA ,32 ,็ใ๘ไ ,32 ,็ใ๘ไ ,0 ,
1292 ,โ'ใ้้ใไ-๎๋๘ ,JUDEIDE-MAKER ,24 ,๒๋ๅ ,24 ,๒๋ๅ ,0 ,
485 ,โ'ๅ์๑ ,JULIS ,24 ,๒๋ๅ ,24 ,๒๋ๅ ,0 ,
976 ,โ'๐เแ้แ (๙แ่) ,JUNNABIB ,62 ,แเ๘ ๙แ๒ ,62 ,แเ๘ ๙แ๒ ,0 ,
978 ,๋๒แ้ไ-่แเ๙-็โ'เโ'๘ไ ,KA'ABIYYE-TABBASH-HA ,25 ,๐๖๘๚ ,25 ,๐ๅ๓ ไโ์้์ ,0 ,
576 ,๋แ๘้ ,KABRI ,24 ,๒๋ๅ ,24 ,๒๋ๅ ,4 ,๎่ไ เ๙๘
504 ,๋เแๅ์ ,KABUL ,24 ,๒๋ๅ ,24 ,๒๋ๅ ,0 ,
3729 ,๋ใ้ํ ,KADDIM ,71 ,โ'๐้๏ ,32 ,็ใ๘ไ ,72 ,๙ๅ๎๘ๅ๏
1338 ,๋ใ้๚ไ ,KADDITA ,21 ,๖๔๚ ,21 ,๖๔๚ ,2 ,๎๘ๅํ ไโ์้์
371 ,๋ใๅ๘้ ,KADOORIE ,22 ,๋๐๘๚ ,22 ,่แ๘้ไ ,3 ,ไโ์้์ ไ๚็๚ๅ๏
633 ,๋๔๘ แ๘เ ,KAFAR BARA ,42 ,๔๚็ ๚๗ๅๅไ ,42 ,๔๚็ ๚๗ๅไ ,0 ,
508 ,๋๔๘ ๋๎เ ,KAFAR KAMA ,22 ,๋๐๘๚ ,22 ,่แ๘้ไ ,0 ,
509 ,๋๔๘ ๋๐เ ,KAFAR KANNA ,25 ,๐๖๘๚ ,25 ,๐ๅ๓ ไโ์้์ ,0 ,
510 ,๋๔๘ ๎๐ใเ ,KAFAR MANDA ,24 ,๒๋ๅ ,25 ,๐ๅ๓ ไโ์้์ ,0 ,
512 ,๋๔๘ ๎๖๘ ,KAFAR MISR ,25 ,๐๖๘๚ ,23 ,๒๔ๅ์ไ ,66 ,แๅ๑๚เ๏ เ์-๎๘โ'
654 ,๋๔๘ ๗๘๒ ,KAFAR QARA ,32 ,็ใ๘ไ ,32 ,็ใ๘ไ ,0 ,
634 ,๋๔๘ ๗เ๑ํ ,KAFAR QASEM ,42 ,๔๚็ ๚๗ๅๅไ ,42 ,๔๚็ ๚๗ๅไ ,0 ,
507 ,๋๔๘ ้เ๑้๓ ,KAFAR YASIF ,24 ,๒๋ๅ ,24 ,๒๋ๅ ,0 ,
1210 ,๋็์ ,KAHAL ,21 ,๖๔๚ ,21 ,๖๔๚ ,55 ,๎แๅเๅ๚ ไ็๘๎ๅ๏
1229 ,๋์๐้๚ ,KALLANIT ,22 ,๋๐๘๚ ,22 ,่แ๘้ไ ,2 ,๎๘ๅํ ไโ์้์
1201 ,๋๎ๅ๏ ,KAMMON ,24 ,๒๋ๅ ,20 ,๋๘๎้เ์ ,56 ,๎๙โแ
4028 ,๋๐๓ ,KANAF ,29 ,โๅ์๏ ,22 ,่แ๘้ไ ,71 ,โๅ์๏
3902 ,๋๐๔้ ๙็๘ ,KANFE SHAHAR ,74 ,๘เ๎เ์์ไ ,11 ,้๘ๅ๙์้ํ ,73 ,๎่ไ แ๐้๎้๏
2006 ,๋๐ๅ๚ ,KANNOT ,61 ,เ๙๗์ๅ๏ ,61 ,เ๙๗์ๅ๏ ,33 ,แเ๘ ่ๅแ้ไ
505 ,๋เๅ๋แ เแๅ เ์-ไ้โ'เ ,KAOKAB ABU AL-HIJA ,24 ,๒๋ๅ ,24 ,๒๋ๅ ,0 ,
1285 ,๋๘๋ๅํ ,KARKOM ,22 ,๋๐๘๚ ,21 ,๖๔๚ ,55 ,๎แๅเๅ๚ ไ็๘๎ๅ๏
1374 ,๋๘๎้ ๗่้๓ ,KARME QATIF ,61 ,เ๙๗์ๅ๏ ,61 ,เ๙๗์ๅ๏ ,50 ,์๋้๙
1264 ,๋๘๎้ ้ๅ๑๓ ,KARME YOSEF ,43 ,๘๎์ไ ,43 ,๘๎์ไ ,30 ,โๆ๘
3766 ,๋๘๎้ ๖ๅ๘ ,KARME ZUR ,77 ,็แ๘ๅ๏ ,11 ,้๘ๅ๙์้ํ ,76 ,โๅ๙ ๒๖้ๅ๏
3656 ,๋๘๎์ ,KARMEL ,77 ,็แ๘ๅ๏ ,11 ,้๘ๅ๙์้ํ ,78 ,ไ๘ ็แ๘ๅ๏
1139 ,๋๘๎้เ์ ,KARMI'EL ,24 ,๒๋ๅ ,20 ,๋๘๎้เ์ ,0 ,
768 ,๋๘๎้ไ ,KARMIYYA ,61 ,เ๙๗์ๅ๏ ,61 ,เ๙๗์ๅ๏ ,36 ,็ๅ๓ เ๙๗์ๅ๏
3895 ,๗ใํ ๒๘แไ ,KEDEM ARAVA ,75 ,้๘ใ๏ )้๘้็ๅ( ,11 ,้๘ๅ๙์้ํ ,74 ,๎โ้์ๅ๚ ้ํ ไ๎์็
3638 ,๋๔๘ เใๅ๎้ํ ,KEFAR ADUMMIM ,74 ,๘เ๎เ์์ไ ,11 ,้๘ๅ๙์้ํ ,73 ,๎่ไ แ๐้๎้๏
690 ,๋๔๘ เ็้ํ ,KEFAR AHIM ,61 ,เ๙๗์ๅ๏ ,61 ,เ๙๗์ๅ๏ ,33 ,แเ๘ ่ๅแ้ไ
857 ,๋๔๘ เแ้แ ,KEFAR AVIV ,44 ,๘็ๅแๅ๚ ,44 ,๘็ๅแๅ๚ ,32 ,โใ๘ๅ๚
875 ,๋๔๘ ๒แๅใไ ,KEFAR AVODA ,41 ,ไ๙๘ๅ๏ ,41 ,๐๚๐้ไ ,18 ,์แ ไ๙๘ๅ๏
845 ,๋๔๘ ๒ๆไ ,KEFAR AZZA ,61 ,เ๙๗์ๅ๏ ,61 ,เ๙๗์ๅ๏ ,37 ,๙๒๘ ไ๐โแ
132 ,๋๔๘ แ๘ๅ๊ ,KEFAR BARUKH ,23 ,๒๔ๅ์ไ ,23 ,๒๔ๅ์ไ ,9 ,๒๎๗ ้ๆ๘๒เ์
220 ,๋๔๘ แ้เ์้๗ ,KEFAR BIALIK ,31 ,็้๔ไ ,31 ,็้๔ไ ,12 ,ๆแๅ์ๅ๏
177 ,๋๔๘ แ้์"ๅ ,KEFAR BILU ,44 ,๘็ๅแๅ๚ ,44 ,๘็ๅแๅ๚ ,30 ,โๆ๘
2010 ,๋๔๘ แ๏ ๐ๅ๏ ,KEFAR BIN NUN ,43 ,๘๎์ไ ,43 ,๘๎์ไ ,30 ,โๆ๘
357 ,๋๔๘ แ์ๅํ ,KEFAR BLUM ,21 ,๖๔๚ ,21 ,๖๔๚ ,1 ,ไโ์้์ ไ๒์้ๅ๏
707 ,๋๔๘ ใ๐้เ์ ,KEFAR DANIYYEL ,43 ,๘๎์ไ ,43 ,๘๎์ไ ,25 ,็แ์ ๎ๅใ้๒้๏
3488 ,๋๔๘ ๒๖้ๅ๏ ,KEFAR EZYON ,76 ,แ้๚ ์็ํ ,11 ,้๘ๅ๙์้ํ ,76 ,โๅ๙ ๒๖้ๅ๏
427 ,๋๔๘ โ์้ํ ,KEFAR GALLIM ,31 ,็้๔ไ ,31 ,็้๔ไ ,15 ,็ๅ๓ ไ๋๘๎์
106 ,๋๔๘ โใ๒ๅ๏ ,KEFAR GID'ON ,23 ,๒๔ๅ์ไ ,23 ,๒๔ๅ์ไ ,9 ,๒๎๗ ้ๆ๘๒เ์
76 ,๋๔๘ โ์๒ใ้ ,KEFAR GIL'ADI ,21 ,๖๔๚ ,21 ,๖๔๚ ,1 ,ไโ์้์ ไ๒์้ๅ๏
310 ,๋๔๘ โ์้๗๑ๅ๏ ,KEFAR GLIKSON ,32 ,็ใ๘ไ ,32 ,็ใ๘ไ ,14 ,๎๐๙ไ
696 ,๋๔๘ ็แ"ใ ,KEFAR HABAD ,43 ,๘๎์ไ ,43 ,๘๎์ไ ,40 ,๙ใๅ๚ ใ๏
192 ,๋๔๘ ไ็ๅ๘๙ ,KEFAR HAHORESH ,23 ,๒๔ๅ์ไ ,23 ,๒๔ๅ์ไ ,9 ,๒๎๗ ้ๆ๘๒เ์
254 ,๋๔๘ ไ๎๋แ้ ,KEFAR HAMAKKABI ,31 ,็้๔ไ ,31 ,็้๔ไ ,12 ,ๆแๅ์ๅ๏
582 ,๋๔๘ ไ๐โ้ใ ,KEFAR HANAGID ,44 ,๘็ๅแๅ๚ ,44 ,๘็ๅแๅ๚ ,27 ,โ๏ ๘ๅๅไ
1297 ,๋๔๘ ็๐๐้ไ ,KEFAR HANANYA ,21 ,๖๔๚ ,21 ,๖๔๚ ,2 ,๎๘ๅํ ไโ์้์
443 ,๋๔๘ ไ๐๙้เ ,KEFAR HANASI ,21 ,๖๔๚ ,21 ,๖๔๚ ,1 ,ไโ์้์ ไ๒์้ๅ๏
890 ,๋๔๘ ไ๐ๅ๒๘ ไใ๚้ ,KEFAR HANO'AR HADATI ,31 ,็้๔ไ ,31 ,็้๔ไ ,12 ,ๆแๅ์ๅ๏
3796 ,๋๔๘ ไเๅ๘๐้ํ ,KEFAR HAORANIM ,74 ,๘เ๎เ์์ไ ,11 ,้๘ๅ๙์้ํ ,73 ,๎่ไ แ๐้๎้๏
888 ,๋๔๘ ไ๘้"๓ ,KEFAR HARIF ,61 ,เ๙๗์ๅ๏ ,61 ,เ๙๗์ๅ๏ ,35 ,้ๅเแ
217 ,๋๔๘ ไ๘เ"ไ ,KEFAR HARO'E ,41 ,ไ๙๘ๅ๏ ,32 ,็ใ๘ไ ,16 ,๒๎๗ ็๔๘
4004 ,๋๔๘ ็๘ๅแ ,KEFAR HARUV ,29 ,โๅ์๏ ,22 ,่แ๘้ไ ,71 ,โๅ์๏
112 ,๋๔๘ ็๑้ใ้ํ เ' ,KEFAR HASIDIM ALEF ,31 ,็้๔ไ ,31 ,็้๔ไ ,12 ,ๆแๅ์ๅ๏
889 ,๋๔๘ ็๑้ใ้ํ แ' ,KEFAR HASIDIM BET ,31 ,็้๔ไ ,31 ,็้๔ไ ,12 ,ๆแๅ์ๅ๏
193 ,๋๔๘ ็้้ํ ,KEFAR HAYYIM ,41 ,ไ๙๘ๅ๏ ,41 ,๐๚๐้ไ ,16 ,๒๎๗ ็๔๘
187 ,๋๔๘ ไ๑ ,KEFAR HESS ,41 ,ไ๙๘ๅ๏ ,41 ,๐๚๐้ไ ,18 ,์แ ไ๙๘ๅ๏
255 ,๋๔๘ ็้่้ํ ,KEFAR HITTIM ,22 ,๋๐๘๚ ,22 ,่แ๘้ไ ,3 ,ไโ์้์ ไ๚็๚ๅ๏
609 ,๋๔๘ ็ๅ๙๏ ,KEFAR HOSHEN ,21 ,๖๔๚ ,21 ,๖๔๚ ,2 ,๎๘ๅํ ไโ์้์
388 ,๋๔๘ ๗้๙ ,KEFAR KISH ,22 ,๋๐๘๚ ,22 ,่แ๘้ไ ,3 ,ไโ์้์ ไ๚็๚ๅ๏
98 ,๋๔๘ ๎์"์ ,KEFAR MALAL ,42 ,๔๚็ ๚๗ๅๅไ ,47 ,๋๔๘ ๑แเ ,20 ,ใ๘ๅํ ไ๙๘ๅ๏
297 ,๋๔๘ ๎๑๘้๗ ,KEFAR MASARYK ,24 ,๒๋ๅ ,24 ,๒๋ๅ ,4 ,๎่ไ เ๙๘
1095 ,๋๔๘ ๎้๎ๅ๏ ,KEFAR MAYMON ,62 ,แเ๘ ๙แ๒ ,62 ,แเ๘ ๙แ๒ ,39 ,๙ใๅ๚ ๐โแ
274 ,๋๔๘ ๎๐็ํ ,KEFAR MENAHEM ,61 ,เ๙๗์ๅ๏ ,61 ,เ๙๗์ๅ๏ ,35 ,้ๅเแ
387 ,๋๔๘ ๎ๅ๐๙ ,KEFAR MONASH ,41 ,ไ๙๘ๅ๏ ,41 ,๐๚๐้ไ ,16 ,๒๎๗ ็๔๘
764 ,๋๔๘ ๎๘ใ๋้ ,KEFAR MORDEKHAY ,44 ,๘็ๅแๅ๚ ,44 ,๘็ๅแๅ๚ ,32 ,โใ๘ๅ๚
316 ,๋๔๘ ๐่๘ ,KEFAR NETTER ,41 ,ไ๙๘ๅ๏ ,41 ,๐๚๐้ไ ,19 ,็ๅ๓ ไ๙๘ๅ๏
189 ,๋๔๘ ๔้๐๑ ,KEFAR PINES ,32 ,็ใ๘ไ ,32 ,็ใ๘ไ ,14 ,๎๐๙ไ
579 ,๋๔๘ ๘เ๙ ไ๐๗๘ไ ,KEFAR ROSH HANIQRA ,24 ,๒๋ๅ ,24 ,๒๋ๅ ,4 ,๎่ไ เ๙๘
1130 ,๋๔๘ ๘ๅๆ๐ๅเ์ใ (ๆ๘๒้๚) ,KEFAR ROZENWALD(ZAR. ,24 ,๒๋ๅ ,24 ,๒๋ๅ ,52 ,๎๒์ไ ้ๅ๑๓
295 ,๋๔๘ ๘ๅ๔้๏ ,KEFAR RUPPIN ,23 ,๒๔ๅ์ไ ,23 ,๒๔ๅ์ไ ,7 ,๒๎๗ ไ๎๒้้๐ๅ๚
1166 ,๋๔๘ ๘ๅ๚ ,KEFAR RUT ,43 ,๘๎์ไ ,43 ,๘๎์ไ ,25 ,็แ์ ๎ๅใ้๒้๏
6900 ,๋๔๘ ๑แเ ,KEFAR SAVA ,42 ,๔๚็ ๚๗ๅๅไ ,47 ,๋๔๘ ๑แเ ,0 ,
605 ,๋๔๘ ๙๎เ้ ,KEFAR SHAMMAY ,21 ,๖๔๚ ,21 ,๖๔๚ ,2 ,๎๘ๅํ ไโ์้์
267 ,๋๔๘ ๙๎๘้ไๅ ,KEFAR SHEMARYAHU ,51 ,๚์ เแ้แ ,57 ,ไ๘๖์้ไ ,0 ,
743 ,๋๔๘ ๙๎ๅเ์ ,KEFAR SHEMU'EL ,43 ,๘๎์ไ ,43 ,๘๎์ไ ,30 ,โๆ๘
107 ,๋๔๘ ๑้์แ๘ ,KEFAR SILVER ,61 ,เ๙๗์ๅ๏ ,61 ,เ๙๗์ๅ๏ ,36 ,็ๅ๓ เ๙๗์ๅ๏
249 ,๋๔๘ ๑้๘๗้๏ ,KEFAR SIRKIN ,42 ,๔๚็ ๚๗ๅๅไ ,42 ,๔๚็ ๚๗ๅไ ,20 ,ใ๘ๅํ ไ๙๘ๅ๏
345 ,๋๔๘ ๑เ์ใ ,KEFAR SZOLD ,21 ,๖๔๚ ,21 ,๖๔๚ ,1 ,ไโ์้์ ไ๒์้ๅ๏
3572 ,๋๔๘ ๚๔ๅ็ ,KEFAR TAPPUAH ,73 ,่ๅ์ ๋๘ํ ,48 ,เ๘้เ์ ,72 ,๙ๅ๎๘ๅ๏
47 ,๋๔๘ ๚แๅ๘ ,KEFAR TAVOR ,22 ,๋๐๘๚ ,22 ,่แ๘้ไ ,0 ,
673 ,๋๔๘ ่๘ๅ๎๏ ,KEFAR TRUMAN ,43 ,๘๎์ไ ,43 ,๘๎์ไ ,25 ,็แ์ ๎ๅใ้๒้๏
364 ,๋๔๘ เๅ๘้ไ ,KEFAR URIYYA ,11 ,้๘ๅ๙์้ํ ,13 ,แ้๚ ๙๎๙ ,26 ,๎่ไ ้ไๅใไ
190 ,๋๔๘ ๅ้๚๗้๏ ,KEFAR VITKIN ,41 ,ไ๙๘ๅ๏ ,41 ,๐๚๐้ไ ,16 ,๒๎๗ ็๔๘
320 ,๋๔๘ ๅ๘แๅ๘โ ,KEFAR WARBURG ,61 ,เ๙๗์ๅ๏ ,61 ,เ๙๗์ๅ๏ ,33 ,แเ๘ ่ๅแ้ไ
1263 ,๋๔๘ ๅ๘ใ้ํ ,KEFAR WERADIM ,24 ,๒๋ๅ ,24 ,๒๋ๅ ,0 ,
170 ,๋๔๘ ้๒แ๕ ,KEFAR YA'BEZ ,41 ,ไ๙๘ๅ๏ ,41 ,๐๚๐้ไ ,18 ,์แ ไ๙๘ๅ๏
85 ,๋๔๘ ้็ๆ๗เ์ ,KEFAR YEHEZQEL ,23 ,๒๔ๅ์ไ ,23 ,๒๔ๅ์ไ ,8 ,ไโ์แๅ๒
140 ,๋๔๘ ้ไๅ๙๒ ,KEFAR YEHOSHUA ,23 ,๒๔ๅ์ไ ,23 ,๒๔ๅ์ไ ,9 ,๒๎๗ ้ๆ๘๒เ์
168 ,๋๔๘ ้ๅ๐ไ ,KEFAR YONA ,41 ,ไ๙๘ๅ๏ ,41 ,๐๚๐้ไ ,0 ,
786 ,๋๔๘ ๆ้๚้ํ ,KEFAR ZETIM ,22 ,๋๐๘๚ ,22 ,่แ๘้ไ ,3 ,ไโ์้์ ไ๚็๚ๅ๏
1325 ,๋๔๘ ๆๅไ๘้ํ ,KEFAR ZOHARIM ,11 ,้๘ๅ๙์้ํ ,13 ,แ้๚ ๙๎๙ ,26 ,๎่ไ ้ไๅใไ
1183 ,๋์้์ ,KELIL ,24 ,๒๋ๅ ,24 ,๒๋ๅ ,4 ,๎่ไ เ๙๘
1291 ,๋๎ไ้๏ ,KEMEHIN ,62 ,แเ๘ ๙แ๒ ,62 ,แเ๘ ๙แ๒ ,48 ,๘๎๚ ๐โแ
1198 ,๋๘๎้ํ ,KERAMIM ,62 ,แเ๘ ๙แ๒ ,62 ,แเ๘ ๙แ๒ ,41 ,แ๐้ ๙๎๒ๅ๏
88 ,๋๘ํ แ๏ ๙๎๏ ,KEREM BEN SHEMEN ,43 ,๘๎์ไ ,43 ,๘๎์ไ ,25 ,็แ์ ๎ๅใ้๒้๏
664 ,๋๘ํ แ๏ ๆ๎๘ไ ,KEREM BEN ZIMRA ,21 ,๖๔๚ ,21 ,๖๔๚ ,2 ,๎๘ๅํ ไโ์้์
1094 ,๋๘ํ แ้แ๐ไ (้๙้แไ) ,KEREM BEYAVNE ,44 ,๘็ๅแๅ๚ ,44 ,๘็ๅแๅ๚ ,29 ,็แ์ ้แ๐ไ
580 ,๋๘ํ ๎ไ๘"์ ,KEREM MAHARAL ,32 ,็ใ๘ไ ,32 ,็ใ๘ไ ,15 ,็ๅ๓ ไ๋๘๎์
3889 ,๋๘ํ ๘๒้ํ ,KEREM RE'IM ,74 ,๘เ๎เ์์ไ ,11 ,้๘ๅ๙์้ํ ,73 ,๎่ไ แ๐้๎้๏
1085 ,๋๘ํ ๙์ๅํ ,KEREM SHALOM ,62 ,แเ๘ ๙แ๒ ,62 ,แเ๘ ๙แ๒ ,38 ,เ๙๋ๅ์
859 ,๋๑์ๅ๏ ,KESALON ,11 ,้๘ๅ๙์้ํ ,13 ,แ้๚ ๙๎๙ ,26 ,๎่ไ ้ไๅใไ
986 ,็'ๅเ์ใ (๙แ่) ,KHAWALED ,25 ,๐๖๘๚ ,31 ,็้๔ไ ,12 ,ๆแๅ์ๅ๏
1321 ,็'ๅเ์ใ ,KHAWALED ,31 ,็้๔ไ ,31 ,็้๔ไ ,12 ,ๆแๅ์ๅ๏
63 ,๋๐๘๚ (๎ๅ๙แไ) ,KINNERET(MOSHAVA) ,22 ,๋๐๘๚ ,22 ,่แ๘้ไ ,6 ,๒๎๗ ไ้๘ใ๏
57 ,๋๐๘๚ (๗แๅ๖ไ) ,KINNERET(QEVUZA) ,22 ,๋๐๘๚ ,22 ,่แ๘้ไ ,6 ,๒๎๗ ไ้๘ใ๏
1153 ,๋้๙ๅ๘ ,KISHOR ,24 ,๒๋ๅ ,20 ,๋๘๎้เ์ ,56 ,๎๙โแ
1296 ,๋๑๘เ-๑๎้๒ ,KISRA-SUMEI ,24 ,๒๋ๅ ,24 ,๒๋ๅ ,0 ,
840 ,๋้๑ๅ๔้ํ ,KISSUFIM ,62 ,แเ๘ ๙แ๒ ,62 ,แเ๘ ๙แ๒ ,38 ,เ๙๋ๅ์
1224 ,๋ๅ๋แ ้เ้๘-๖ๅ๘ ้โเ์ ,KOCHAV YAIR TSUR YI ,42 ,๔๚็ ๚๗ๅๅไ ,47 ,๋๔๘ ๑แเ ,0 ,
1367 ,๋็์ไ ,KOCHLEA ,62 ,แเ๘ ๙แ๒ ,62 ,แเ๘ ๙แ๒ ,69 ,เ์ ๗๑ๅํ
3564 ,๋ๅ๋แ ไ๙็๘ ,KOKHAV HASHAHAR ,74 ,๘เ๎เ์์ไ ,11 ,้๘ๅ๙์้ํ ,73 ,๎่ไ แ๐้๎้๏
824 ,๋ๅ๋แ ๎้๋เ์ ,KOKHAV MIKHA'EL ,61 ,เ๙๗์ๅ๏ ,61 ,เ๙๗์ๅ๏ ,36 ,็ๅ๓ เ๙๗์ๅ๏
3779 ,๋ๅ๋แ ้๒๗แ ,KOKHAV YA'AQOV ,74 ,๘เ๎เ์์ไ ,11 ,้๘ๅ๙์้ํ ,73 ,๎่ไ แ๐้๎้๏
1252 ,๋ๅ๘ๆ้ํ ,KORAZIM ,21 ,๖๔๚ ,21 ,๖๔๚ ,55 ,๎แๅเๅ๚ ไ็๘๎ๅ๏
1059 ,๋๑้๔ไ ,KUSEIFE ,62 ,แเ๘ ๙แ๒ ,62 ,แเ๘ ๙แ๒ ,0 ,
2023 ,์ไแ ,LAHAV ,62 ,แเ๘ ๙แ๒ ,62 ,แเ๘ ๙แ๒ ,41 ,แ๐้ ๙๎๒ๅ๏
380 ,์ไแๅ๚ ไแ๙๏ ,LAHAVOT HABASHAN ,21 ,๖๔๚ ,21 ,๖๔๚ ,1 ,ไโ์้์ ไ๒์้ๅ๏
715 ,์ไแๅ๚ ็แ้แไ ,LAHAVOT HAVIVA ,32 ,็ใ๘ไ ,32 ,็ใ๘ไ ,14 ,๎๐๙ไ
24 ,์๋้๙ ,LAKHISH ,61 ,เ๙๗์ๅ๏ ,61 ,เ๙๗์ๅ๏ ,50 ,์๋้๙
1310 ,์๔้ใ ,LAPPID ,43 ,๘๎์ไ ,43 ,๘๎์ไ ,25 ,็แ์ ๎ๅใ้๒้๏
1173 ,์๔้ใๅ๚ ,LAPPIDOT ,24 ,๒๋ๅ ,24 ,๒๋ๅ ,52 ,๎๒์ไ ้ๅ๑๓
1060 ,์๗้ไ ,LAQYE ,62 ,แเ๘ ๙แ๒ ,62 ,แเ๘ ๙แ๒ ,0 ,
585 ,์แ้เ ,LAVI ,22 ,๋๐๘๚ ,22 ,่แ๘้ไ ,3 ,ไโ์้์ ไ๚็๚ๅ๏
1207 ,์แๅ๏ ,LAVON ,24 ,๒๋ๅ ,20 ,๋๘๎้เ์ ,56 ,๎๙โแ
1271 ,์ไแ้ํ ,LEHAVIM ,62 ,แเ๘ ๙แ๒ ,62 ,แเ๘ ๙แ๒ ,0 ,
3901 ,์็"้ ,LEHI ,73 ,่ๅ์ ๋๘ํ ,48 ,เ๘้เ์ ,72 ,๙ๅ๎๘ๅ๏
3892 ,์๙ํ ,LESHEM ,73 ,่ๅ์ ๋๘ํ ,48 ,เ๘้เ์ ,72 ,๙ๅ๎๘ๅ๏
1114 ,๙๘้โ้ํ (์้-เๅ๏) ,LI-ON ,11 ,้๘ๅ๙์้ํ ,13 ,แ้๚ ๙๎๙ ,26 ,๎่ไ ้ไๅใไ
674 ,์้๎๏ ,LIMAN ,24 ,๒๋ๅ ,24 ,๒๋ๅ ,4 ,๎่ไ เ๙๘
1230 ,์แ๐้ํ ,LIVNIM ,22 ,๋๐๘๚ ,22 ,่แ๘้ไ ,2 ,๎๘ๅํ ไโ์้์
7000 ,์ๅใ ,LOD ,43 ,๘๎์ไ ,43 ,๘๎์ไ ,0 ,
595 ,์ๅ็๎้ ไโ้่เๅ๚ ,LOHAME HAGETA'OT ,24 ,๒๋ๅ ,24 ,๒๋ๅ ,4 ,๎่ไ เ๙๘
1255 ,์ๅ่๏ ,LOTAN ,62 ,แเ๘ ๙แ๒ ,63 ,เ้์๚ ,53 ,็แ์ เ้์ๅ๚
1171 ,์ๅ่ํ ,LOTEM ,24 ,๒๋ๅ ,20 ,๋๘๎้เ์ ,56 ,๎๙โแ
52 ,์ๅๆ้๚ ,LUZIT ,11 ,้๘ๅ๙์้ํ ,13 ,แ้๚ ๙๎๙ ,26 ,๎่ไ ้ไๅใไ
678 ,๎๒โ๏ ,MA'AGAN ,22 ,๋๐๘๚ ,22 ,่แ๘้ไ ,6 ,๒๎๗ ไ้๘ใ๏
694 ,๎๒โ๏ ๎้๋เ์ ,MA'AGAN MIKHA'EL ,32 ,็ใ๘ไ ,32 ,็ใ๘ไ ,15 ,็ๅ๓ ไ๋๘๎์
3616 ,๎๒์ไ เใๅ๎้ํ ,MA'ALE ADUMMIM ,76 ,แ้๚ ์็ํ ,11 ,้๘ๅ๙์้ํ ,0 ,
3653 ,๎๒์ไ ๒๎ๅ๑ ,MA'ALE AMOS ,76 ,แ้๚ ์็ํ ,11 ,้๘ๅ๙์้ํ ,76 ,โๅ๙ ๒๖้ๅ๏
3608 ,๎๒์ไ เ๔๘้ํ ,MA'ALE EFRAYIM ,75 ,้๘ใ๏ )้๘้็ๅ( ,23 ,๒๔ๅ์ไ ,0 ,
4008 ,๎๒์ไ โ๎์เ ,MA'ALE GAMLA ,29 ,โๅ์๏ ,22 ,่แ๘้ไ ,71 ,โๅ์๏
1127 ,๎๒์ไ โ์แๅ๒ ,MA'ALE GILBOA ,23 ,๒๔ๅ์ไ ,23 ,๒๔ๅ์ไ ,7 ,๒๎๗ ไ๎๒้้๐ๅ๚
286 ,๎๒์ไ ไ็๎้๙ไ ,MA'ALE HAHAMISHA ,11 ,้๘ๅ๙์้ํ ,13 ,แ้๚ ๙๎๙ ,26 ,๎่ไ ้ไๅใไ
1327 ,๎๒์ไ ๒้๘ๅ๏ ,MA'ALE IRON ,32 ,็ใ๘ไ ,23 ,๒๔ๅ์ไ ,0 ,
3752 ,๎๒์ไ ์แๅ๐ไ ,MA'ALE LEVONA ,74 ,๘เ๎เ์์ไ ,48 ,เ๘้เ์ ,73 ,๎่ไ แ๐้๎้๏
3651 ,๎๒์ไ ๎๋๎๙ ,MA'ALE MIKHMAS ,74 ,๘เ๎เ์์ไ ,11 ,้๘ๅ๙์้ํ ,73 ,๎่ไ แ๐้๎้๏
1063 ,๎๒์ๅ๚-๚๘๙้็เ ,MA'ALOT-TARSHIHA ,24 ,๒๋ๅ ,24 ,๒๋ๅ ,0 ,
344 ,๎๒๐้๚ ,MA'ANIT ,32 ,็ใ๘ไ ,32 ,็ใ๘ไ ,14 ,๎๐๙ไ
230 ,๎๒๙ ,MA'AS ,42 ,๔๚็ ๚๗ๅๅไ ,42 ,๔๚็ ๚๗ๅไ ,20 ,ใ๘ๅํ ไ๙๘ๅ๏
197 ,๎๒แ๘ๅ๚ ,MA'BAROT ,41 ,ไ๙๘ๅ๏ ,41 ,๐๚๐้ไ ,16 ,๒๎๗ ็๔๘
1082 ,๎๒โ์้ํ ,MA'GALIM ,62 ,แเ๘ ๙แ๒ ,62 ,แเ๘ ๙แ๒ ,39 ,๙ใๅ๚ ๐โแ
3657 ,๎๒ๅ๏ ,MA'ON ,77 ,็แ๘ๅ๏ ,11 ,้๘ๅ๙์้ํ ,78 ,ไ๘ ็แ๘ๅ๏
2055 ,๎เๅ๘ ,MA'OR ,32 ,็ใ๘ไ ,32 ,็ใ๘ไ ,14 ,๎๐๙ไ
3879 ,๎๒ๅๆ ,MA'OZ ,71 ,โ'๐้๏ ,32 ,็ใ๘ไ ,72 ,๙ๅ๎๘ๅ๏
272 ,๎๒ๅๆ ็้้ํ ,MA'OZ HAYYIM ,23 ,๒๔ๅ์ไ ,23 ,๒๔ๅ์ไ ,7 ,๒๎๗ ไ๎๒้้๐ๅ๚
416 ,๎๒้๏ แ๘ๅ๊ ,MA'YAN BARUKH ,21 ,๖๔๚ ,21 ,๖๔๚ ,1 ,ไโ์้์ ไ๒์้ๅ๏
290 ,๎๒้๏ ๖แ้ ,MA'YAN ZEVI ,32 ,็ใ๘ไ ,32 ,็ใ๘ไ ,15 ,็ๅ๓ ไ๋๘๎์
1080 ,๎แๅ๒้ํ ,MABBU'IM ,62 ,แเ๘ ๙แ๒ ,62 ,แเ๘ ๙แ๒ ,42 ,๎๘็แ้ํ
695 ,๎โ๏ ,MAGEN ,62 ,แเ๘ ๙แ๒ ,62 ,แเ๘ ๙แ๒ ,38 ,เ๙๋ๅ์
1155 ,๎โ๏ ๙เๅ์ ,MAGEN SHA'UL ,23 ,๒๔ๅ์ไ ,23 ,๒๔ๅ์ไ ,8 ,ไโ์แๅ๒
375 ,๎โ์ ,MAGGAL ,32 ,็ใ๘ไ ,32 ,็ใ๘ไ ,14 ,๎๐๙ไ
722 ,๎โ๙้๎้ํ ,MAGSHIMIM ,42 ,๔๚็ ๚๗ๅๅไ ,42 ,๔๚็ ๚๗ๅไ ,20 ,ใ๘ๅํ ไ๙๘ๅ๏
308 ,๎็๐้้ํ ,MAHANAYIM ,21 ,๖๔๚ ,21 ,๖๔๚ ,1 ,ไโ์้์ ไ๒์้ๅ๏
1262 ,๖ๅ๗้ํ ,MAHANE BILDAD ,62 ,แเ๘ ๙แ๒ ,62 ,แเ๘ ๙แ๒ ,54 ,ไ๒๘แไ ไ๚้๋ๅ๐ไ
1411 ,๎็๐ไ ไ้์ไ ,MAHANE HILLA ,44 ,๘็ๅแๅ๚ ,46 ,๘เ๙ๅ๏ ์๖้ๅ๏ ,27 ,โ๏ ๘ๅๅไ
1414 ,๎็๐ไ ๎๘้ํ ,MAHANE MIRYAM ,61 ,เ๙๗์ๅ๏ ,61 ,เ๙๗์ๅ๏ ,33 ,แเ๘ ่ๅแ้ไ
1418 ,๎็๐ไ ่์้ ,MAHANE TALI ,62 ,แเ๘ ๙แ๒ ,62 ,แเ๘ ๙แ๒ ,48 ,๘๎๚ ๐โแ
1412 ,๎็๐ไ ๚์ ๐ๅ๓ ,MAHANE TEL NOF ,44 ,๘็ๅแๅ๚ ,44 ,๘็ๅแๅ๚ ,28 ,แ๘๐๘
1415 ,๎็๐ไ ้๔ไ ,MAHANE YAFA ,62 ,แเ๘ ๙แ๒ ,62 ,แเ๘ ๙แ๒ ,42 ,๎๘็แ้ํ
1196 ,๎็๐ไ ้๚้๘ ,MAHANE YATTIR ,62 ,แเ๘ ๙แ๒ ,62 ,แเ๘ ๙แ๒ ,0 ,
1413 ,๎็๐ไ ้ไๅใ้๚ ,MAHANE YEHUDIT ,23 ,๒๔ๅ์ไ ,23 ,๒๔ๅ์ไ ,9 ,๒๎๗ ้ๆ๘๒เ์
1416 ,๎็๐ไ ้ๅ๋แใ ,MAHANE YOKHVED ,62 ,แเ๘ ๙แ๒ ,63 ,เ้์๚ ,53 ,็แ์ เ้์ๅ๚
776 ,๎็๑้ไ ,MAHSEYA ,11 ,้๘ๅ๙์้ํ ,13 ,แ้๚ ๙๎๙ ,26 ,๎่ไ ้ไๅใไ
516 ,๎โ'ใ เ์-๋๘ๅํ ,MAJD AL-KURUM ,24 ,๒๋ๅ ,24 ,๒๋ๅ ,0 ,
4201 ,๎โ'ใ์ ๙๎๑ ,MAJDAL SHAMS ,29 ,โๅ์๏ ,21 ,๖๔๚ ,0 ,
1343 ,๎๋็ๅ์ ,MAKCHUL ,62 ,แเ๘ ๙แ๒ ,62 ,แเ๘ ๙แ๒ ,69 ,เ์ ๗๑ๅํ
596 ,๎์๋้ไ ,MALKIYYA ,21 ,๖๔๚ ,21 ,๖๔๚ ,1 ,ไโ์้์ ไ๒์้ๅ๏
1174 ,๎๐ๅ๓ ,MANOF ,24 ,๒๋ๅ ,20 ,๋๘๎้เ์ ,56 ,๎๙โแ
1205 ,๎๐ๅ๚ ,MANOT ,24 ,๒๋ๅ ,24 ,๒๋ๅ ,52 ,๎๒์ไ ้ๅ๑๓
994 ,๎๐๙้๚ ๆแใไ ,MANSHIYYET ZABDA ,25 ,๐๖๘๚ ,23 ,๒๔ๅ์ไ ,9 ,๒๎๗ ้ๆ๘๒เ์
843 ,๎๘โ์้ๅ๚ ,MARGALIYYOT ,21 ,๖๔๚ ,21 ,๖๔๚ ,55 ,๎แๅเๅ๚ ไ็๘๎ๅ๏
4203 ,๎๑๒ใไ ,MAS'ADE ,29 ,โๅ์๏ ,21 ,๖๔๚ ,0 ,
939 ,๎๑๒ๅใ้๏ เ์-๒ๆเๆ๎ไ ,MAS'UDIN AL-'AZAZME ,62 ,แเ๘ ๙แ๒ ,62 ,แเ๘ ๙แ๒ ,0 ,
421 ,๎๙เแ้ ๙ใไ ,MASH'ABBE SADE ,62 ,แเ๘ ๙แ๒ ,62 ,แเ๘ ๙แ๒ ,48 ,๘๎๚ ๐โแ
791 ,๎๙๒๏ ,MASH'EN ,61 ,เ๙๗์ๅ๏ ,61 ,เ๙๗์ๅ๏ ,36 ,็ๅ๓ เ๙๗์ๅ๏
3785 ,๎๙๋้ๅ๚ ,MASKIYYOT ,75 ,้๘ใ๏ )้๘้็ๅ( ,11 ,้๘ๅ๙์้ํ ,75 ,๒๘แๅ๚ ไ้๘ใ๏
748 ,๎๑์ๅ์ ,MASLUL ,62 ,แเ๘ ๙แ๒ ,62 ,แเ๘ ๙แ๒ ,42 ,๎๘็แ้ํ
1258 ,๎๑ใ ,MASSAD ,22 ,๋๐๘๚ ,22 ,่แ๘้ไ ,3 ,ไโ์้์ ไ๚็๚ๅ๏
263 ,๎๑ใไ ,MASSADA ,22 ,๋๐๘๚ ,22 ,่แ๘้ไ ,6 ,๒๎๗ ไ้๘ใ๏
3605 ,๎๙ๅเไ ,MASSU'A ,75 ,้๘ใ๏ )้๘้็ๅ( ,23 ,๒๔ๅ์ไ ,75 ,๒๘แๅ๚ ไ้๘ใ๏
620 ,๎๙ๅเๅ๚ ้๖็๗ ,MASSUOT YIZHAQ ,61 ,เ๙๗์ๅ๏ ,61 ,เ๙๗์ๅ๏ ,34 ,๙๔้๘
822 ,๎่๒ ,MATTA ,11 ,้๘ๅ๙์้ํ ,13 ,แ้๚ ๙๎๙ ,26 ,๎่ไ ้ไๅใไ
1315 ,๎๚๏ ,MATTAN ,42 ,๔๚็ ๚๗ๅๅไ ,42 ,๔๚็ ๚๗ๅไ ,20 ,ใ๘ๅํ ไ๙๘ๅ๏
1184 ,๎๚๚ ,MATTAT ,24 ,๒๋ๅ ,24 ,๒๋ๅ ,52 ,๎๒์ไ ้ๅ๑๓
3648 ,๎๚๚้ไๅ ,MATTITYAHU ,74 ,๘เ๎เ์์ไ ,11 ,้๘ๅ๙์้ํ ,73 ,๎่ไ แ๐้๎้๏
573 ,๎แ๗้๒้ํ ,MAVQI'IM ,61 ,เ๙๗์ๅ๏ ,61 ,เ๙๗์ๅ๏ ,36 ,็ๅ๓ เ๙๗์ๅ๏
28 ,๎ๆ๋๘๚ แ๚้ไ ,MAZKERET BATYA ,44 ,๘็ๅแๅ๚ ,44 ,๘็ๅแๅ๚ ,0 ,
757 ,๎๖์้็ ,MAZLIAH ,43 ,๘๎์ไ ,43 ,๘๎์ไ ,30 ,โๆ๘
606 ,๎ๆๅ๘ ,MAZOR ,42 ,๔๚็ ๚๗ๅๅไ ,42 ,๔๚็ ๚๗ๅไ ,25 ,็แ์ ๎ๅใ้๒้๏
517 ,๎ๆ๘๒ไ ,MAZRA'A ,24 ,๒๋ๅ ,24 ,๒๋ๅ ,0 ,
325 ,๎๖ๅแไ ,MAZZUVA ,24 ,๒๋ๅ ,24 ,๒๋ๅ ,4 ,๎่ไ เ๙๘
1128 ,๎้ ๒๎้ ,ME AMMI ,32 ,็ใ๘ไ ,32 ,็ใ๘ไ ,14 ,๎๐๙ไ
102 ,๎เ้๘ ๙๔้ไ ,ME'IR SHEFEYA ,32 ,็ใ๘ไ ,32 ,็ใ๘ไ ,15 ,็ๅ๓ ไ๋๘๎์
570 ,๎๒ๅ๐ไ ,ME'ONA ,24 ,๒๋ๅ ,24 ,๒๋ๅ ,52 ,๎๒์ไ ้ๅ๑๓
668 ,๎๔์๑้ํ ,MEFALLESIM ,61 ,เ๙๗์ๅ๏ ,61 ,เ๙๗์ๅ๏ ,37 ,๙๒๘ ไ๐โแ
689 ,๎โใ้ํ ,MEGADIM ,32 ,็ใ๘ไ ,32 ,็ใ๘ไ ,15 ,็ๅ๓ ไ๋๘๎์
586 ,๎โ้ใๅ ,MEGIDDO ,23 ,๒๔ๅ์ไ ,23 ,๒๔ๅ์ไ ,13 ,๎โ้ใๅ
3599 ,๎็ๅ์ไ ,MEHOLA ,75 ,้๘ใ๏ )้๘้็ๅ( ,23 ,๒๔ๅ์ไ ,75 ,๒๘แๅ๚ ไ้๘ใ๏
649 ,๎้้๑๘ ,MEISER ,32 ,็ใ๘ไ ,32 ,็ใ๘ไ ,14 ,๎๐๙ไ
3614 ,๎๋ๅ๘ไ ,MEKHORA ,75 ,้๘ใ๏ )้๘้็ๅ( ,23 ,๒๔ๅ์ไ ,75 ,๒๘แๅ๚ ไ้๘ใ๏
164 ,๎์เไ ,MELE'A ,23 ,๒๔ๅ์ไ ,23 ,๒๔ๅ์ไ ,8 ,ไโ์แๅ๒
2044 ,๎์้์ๅ๚ ,MELILOT ,62 ,แเ๘ ๙แ๒ ,62 ,แเ๘ ๙แ๒ ,39 ,๙ใๅ๚ ๐โแ
48 ,๎๐็๎้ไ ,MENAHEMYA ,22 ,๋๐๘๚ ,22 ,่แ๘้ไ ,7 ,๒๎๗ ไ๎๒้้๐ๅ๚
347 ,๎๐๘ไ ,MENNARA ,21 ,๖๔๚ ,21 ,๖๔๚ ,1 ,ไโ์้์ ไ๒์้ๅ๏
2030 ,๎๐ๅ็ไ ,MENUHA ,61 ,เ๙๗์ๅ๏ ,61 ,เ๙๗์ๅ๏ ,50 ,์๋้๙
1282 ,๎้๘แ ,MERAV ,23 ,๒๔ๅ์ไ ,23 ,๒๔ๅ์ไ ,7 ,๒๎๗ ไ๎๒้้๐ๅ๚
1340 ,๎๘็แ ๒ํ ,MERHAV AM ,62 ,แเ๘ ๙แ๒ ,62 ,แเ๘ ๙แ๒ ,48 ,๘๎๚ ๐โแ
97 ,๎๘็แ้ไ (๎ๅ๙แ) ,MERHAVYA(MOSHAV) ,23 ,๒๔ๅ์ไ ,23 ,๒๔ๅ์ไ ,9 ,๒๎๗ ้ๆ๘๒เ์
66 ,๎๘็แ้ไ (๗้แๅ๕) ,MERHAVYA(QIBBUZ) ,23 ,๒๔ๅ์ไ ,23 ,๒๔ๅ์ไ ,9 ,๒๎๗ ้ๆ๘๒เ์
1098 ,๎๘๋ๆ ๙๔้๘เ ,MERKAZ SHAPPIRA ,61 ,เ๙๗์ๅ๏ ,61 ,เ๙๗์ๅ๏ ,34 ,๙๔้๘
4101 ,๎๘ๅํ โๅ์๏ ,MEROM GOLAN ,29 ,โๅ์๏ ,21 ,๖๔๚ ,71 ,โๅ์๏
607 ,๎้๘ๅ๏ ,MERON ,21 ,๖๔๚ ,21 ,๖๔๚ ,2 ,๎๘ๅํ ไโ์้์
731 ,๎้๙๘ ,MESHAR ,44 ,๘็ๅแๅ๚ ,44 ,๘็ๅแๅ๚ ,32 ,โใ๘ๅ๚
520 ,๎๙ไใ ,MESHHED ,25 ,๐๖๘๚ ,25 ,๐ๅ๓ ไโ์้์ ,0 ,
742 ,๎๑้์๚ ๖้ๅ๏ ,MESILLAT ZIYYON ,11 ,้๘ๅ๙์้ํ ,13 ,แ้๚ ๙๎๙ ,26 ,๎่ไ ้ไๅใไ
298 ,๎๑้์ๅ๚ ,MESILLOT ,23 ,๒๔ๅ์ไ ,23 ,๒๔ๅ์ไ ,7 ,๒๎๗ ไ๎๒้้๐ๅ๚
1154 ,๎้่์ ,METAL ,23 ,๒๔ๅ์ไ ,23 ,๒๔ๅ์ไ ,7 ,๒๎๗ ไ๎๒้้๐ๅ๚
1268 ,๎้๚๘ ,METAR ,62 ,แเ๘ ๙แ๒ ,62 ,แเ๘ ๙แ๒ ,0 ,
2054 ,๎้่แ ,METAV ,23 ,๒๔ๅ์ไ ,23 ,๒๔ๅ์ไ ,8 ,ไโ์แๅ๒
3903 ,๎๖ๅ๗้ เ๘๕ ,METSUKE ERETS ,75 ,้๘ใ๏ )้๘้็ๅ( ,11 ,้๘ๅ๙์้ํ ,73 ,๎่ไ แ๐้๎้๏
43 ,๎่ๅ์ไ ,METULA ,21 ,๖๔๚ ,21 ,๖๔๚ ,0 ,
1015 ,๎แ๙๘๚ ๖้ๅ๏ ,MEVASSERET ZIYYON ,11 ,้๘ๅ๙์้ํ ,11 ,้๘ๅ๙์้ํ ,0 ,
771 ,๎แๅเ แ้๚๘ ,MEVO BETAR ,11 ,้๘ๅ๙์้ํ ,11 ,้๘ๅ๙์้ํ ,26 ,๎่ไ ้ไๅใไ
3569 ,๎แๅเ ใๅ๚๏ ,MEVO DOTAN ,71 ,โ'๐้๏ ,32 ,็ใ๘ไ ,72 ,๙ๅ๎๘ๅ๏
4204 ,๎แๅเ ็๎ไ ,MEVO HAMMA ,29 ,โๅ์๏ ,22 ,่แ๘้ไ ,71 ,โๅ์๏
3709 ,๎แๅเ ็ๅ๘ๅ๏ ,MEVO HORON ,74 ,๘เ๎เ์์ไ ,43 ,๘๎์ไ ,73 ,๎่ไ แ๐้๎้๏
1141 ,๎แๅเ ๎ๅใ้๒้ํ ,MEVO MODI'IM ,43 ,๘๎์ไ ,43 ,๘๎์ไ ,25 ,็แ์ ๎ๅใ้๒้๏
1318 ,๎แๅเๅ๚ ้ํ ,MEVO'OT YAM ,41 ,ไ๙๘ๅ๏ ,41 ,๐๚๐้ไ ,16 ,๒๎๗ ็๔๘
3825 ,๎แๅเๅ๚ ้๘้็ๅ ,MEVO'OT YERIHO ,75 ,้๘ใ๏ )้๘้็ๅ( ,11 ,้๘ๅ๙์้ํ ,75 ,๒๘แๅ๚ ไ้๘ใ๏
4019 ,๎้๖๘ ,MEZAR ,29 ,โๅ์๏ ,22 ,่แ๘้ไ ,71 ,โๅ์๏
648 ,๎๖๘ ,MEZER ,32 ,็ใ๘ไ ,32 ,็ใ๘ไ ,14 ,๎๐๙ไ
518 ,๎๒้์้เ ,MI'ELYA ,24 ,๒๋ๅ ,24 ,๒๋ๅ ,0 ,
2029 ,๎ใ๘๊ ๒ๅๆ ,MIDRAKH OZ ,23 ,๒๔ๅ์ไ ,23 ,๒๔ๅ์ไ ,13 ,๎โ้ใๅ
1140 ,๎ใ๘๙๚ แ๏ โๅ๘้ๅ๏ ,MIDRESHET BEN GURION ,62 ,แเ๘ ๙แ๒ ,62 ,แเ๘ ๙แ๒ ,48 ,๘๎๚ ๐โแ
897 ,๎ใ๘๙๚ ๘ๅ๔้๏ ,MIDRESHET RUPPIN ,41 ,ไ๙๘ๅ๏ ,41 ,๐๚๐้ไ ,16 ,๒๎๗ ็๔๘
65 ,๎โใ์ ,MIGDAL ,22 ,๋๐๘๚ ,22 ,่แ๘้ไ ,0 ,
874 ,๎โใ์ ไ๒๎๗ ,MIGDAL HAEMEQ ,23 ,๒๔ๅ์ไ ,23 ,๒๔ๅ์ไ ,0 ,
3561 ,๎โใ์ ๒ๅๆ ,MIGDAL OZ ,76 ,แ้๚ ์็ํ ,11 ,้๘ๅ๙์้ํ ,76 ,โๅ๙ ๒๖้ๅ๏
3751 ,๎โใ์้ํ ,MIGDALIM ,72 ,๙๋ํ ,48 ,เ๘้เ์ ,72 ,๙ๅ๎๘ๅ๏
3871 ,๎โ๘ๅ๏ ,MIGRON ,74 ,๘เ๎เ์์ไ ,11 ,้๘ๅ๙์้ํ ,73 ,๎่ไ แ๐้๎้๏
1202 ,๎๋๎๐้ํ ,MIKHMANNIM ,24 ,๒๋ๅ ,20 ,๋๘๎้เ์ ,56 ,๎๙โแ
382 ,๎๋๎ๅ๘๚ ,MIKHMORET ,41 ,ไ๙๘ๅ๏ ,41 ,๐๚๐้ไ ,16 ,๒๎๗ ็๔๘
22 ,๎๗ๅๅไ ้๙๘เ์ ,MIQWE YISRA'EL ,53 ,็ๅ์ๅ๏ ,53 ,็ๅ์ๅ๏ ,0 ,
378 ,๎๙โแ ๒ํ ,MISGAV AM ,21 ,๖๔๚ ,21 ,๖๔๚ ,1 ,ไโ์้์ ไ๒์้ๅ๏
765 ,๎๙โแ ใแ ,MISGAV DOV ,44 ,๘็ๅแๅ๚ ,44 ,๘็ๅแๅ๚ ,32 ,โใ๘ๅ๚
670 ,๎๙๎๘ เ้้์ๅ๏ ,MISHMAR AYYALON ,43 ,๘๎์ไ ,43 ,๘๎์ไ ,30 ,โๆ๘
563 ,๎๙๎๘ ใๅใ ,MISHMAR DAWID ,43 ,๘๎์ไ ,43 ,๘๎์ไ ,30 ,โๆ๘
130 ,๎๙๎๘ ไ๒๎๗ ,MISHMAR HAEMEQ ,23 ,๒๔ๅ์ไ ,23 ,๒๔ๅ์ไ ,13 ,๎โ้ใๅ
395 ,๎๙๎๘ ไ๐โแ ,MISHMAR HANEGEV ,62 ,แเ๘ ๙แ๒ ,62 ,แเ๘ ๙แ๒ ,41 ,แ๐้ ๙๎๒ๅ๏
194 ,๎๙๎๘ ไ๙๘ๅ๏ ,MISHMAR HASHARON ,41 ,ไ๙๘ๅ๏ ,41 ,๐๚๐้ไ ,16 ,๒๎๗ ็๔๘
729 ,๎๙๎๘ ไ๙แ๒ไ ,MISHMAR HASHIV'A ,43 ,๘๎์ไ ,43 ,๘๎์ไ ,40 ,๙ใๅ๚ ใ๏
732 ,๎๙๎๘ ไ้๘ใ๏ ,MISHMAR HAYARDEN ,21 ,๖๔๚ ,21 ,๖๔๚ ,55 ,๎แๅเๅ๚ ไ็๘๎ๅ๏
3865 ,๎๙๎๘ ้ไๅใไ ,MISHMAR YEHUDA ,76 ,แ้๚ ์็ํ ,11 ,้๘ๅ๙์้ํ ,76 ,โๅ๙ ๒๖้ๅ๏
213 ,๎๙๎๘ๅ๚ ,MISHMAROT ,32 ,็ใ๘ไ ,32 ,็ใ๘ไ ,14 ,๎๐๙ไ
425 ,๎๙๎๘๚ ,MISHMERET ,41 ,ไ๙๘ๅ๏ ,41 ,๐๚๐้ไ ,18 ,์แ ไ๙๘ๅ๏
1370 ,๎๖๔ไ เ้์๏ ,MITSPE ILAN ,32 ,็ใ๘ไ ,32 ,็ใ๘ไ ,14 ,๎๐๙ไ
3899 ,๎๖๔ไ ๆ้๓ ,MITSPE ZIF ,77 ,็แ๘ๅ๏ ,11 ,้๘ๅ๙์้ํ ,78 ,ไ๘ ็แ๘ๅ๏
829 ,๎แ่็้ํ ,MIVTAHIM ,62 ,แเ๘ ๙แ๒ ,62 ,แเ๘ ๙แ๒ ,38 ,เ๙๋ๅ์
58 ,๎๖๔ไ ,MIZPA ,22 ,๋๐๘๚ ,22 ,่แ๘้ไ ,3 ,ไโ์้์ ไ๚็๚ๅ๏
1222 ,๎๖๔ไ เแ้"แ ,MIZPE AVIV ,24 ,๒๋ๅ ,20 ,๋๘๎้เ์ ,56 ,๎๙โแ
1190 ,๎๖๔ไ ๐่ๅ๔ไ ,MIZPE NETOFA ,23 ,๒๔ๅ์ไ ,23 ,๒๔ๅ์ไ ,3 ,ไโ์้์ ไ๚็๚ๅ๏
99 ,๎๖๔ไ ๘๎ๅ๏ ,MIZPE RAMON ,62 ,แเ๘ ๙แ๒ ,62 ,แเ๘ ๙แ๒ ,0 ,
3610 ,๎๖๔ไ ๙์ํ ,MIZPE SHALEM ,75 ,้๘ใ๏ )้๘้็ๅ( ,11 ,้๘ๅ๙์้ํ ,74 ,๎โ้์ๅ๚ ้ํ ไ๎์็
3576 ,๎๖๔ไ ้๘้็ๅ ,MIZPE YERIHO ,75 ,้๘ใ๏ )้๘้็ๅ( ,11 ,้๘ๅ๙์้ํ ,73 ,๎่ไ แ๐้๎้๏
104 ,๎ๆ๘๒ ,MIZRA ,23 ,๒๔ๅ์ไ ,23 ,๒๔ๅ์ไ ,9 ,๒๎๗ ้ๆ๘๒เ์
3797 ,๎ๅใ้๒้๏ ๒้์้๚ ,MODI'IN ILLIT ,74 ,๘เ๎เ์์ไ ,11 ,้๘ๅ๙์้ํ ,0 ,
1200 ,๎ๅใ้๒้๏-๎๋แ้ํ-๘๒ๅ๚ ,MODI'IN-MAKKABBIM-RE ,43 ,๘๎์ไ ,43 ,๘๎์ไ ,0 ,
269 ,๎ๅ์ใ๚ ,MOLEDET ,23 ,๒๔ๅ์ไ ,23 ,๒๔ๅ์ไ ,8 ,ไโ์แๅ๒
1163 ,๎ๅ๘๏ ,MORAN ,24 ,๒๋ๅ ,20 ,๋๘๎้เ์ ,56 ,๎๙โแ
1178 ,๎ๅ๘๙๚ ,MORESHET ,24 ,๒๋ๅ ,20 ,๋๘๎้เ์ ,56 ,๎๙โแ
208 ,๎ๅ๖เ ๒้์้๚ ,MOZA ILLIT ,11 ,้๘ๅ๙์้ํ ,11 ,้๘ๅ๙์้ํ ,26 ,๎่ไ ้ไๅใไ
481 ,๎โเ๘ ,MUGHAR ,22 ,๋๐๘๚ ,22 ,่แ๘้ไ ,0 ,
635 ,๎ๅ๗้้แ์ไ ,MUQEIBLE ,23 ,๒๔ๅ์ไ ,23 ,๒๔ๅ์ไ ,8 ,ไโ์แๅ๒
3787 ,๐๒์ไ ,NA'ALE ,74 ,๘เ๎เ์์ไ ,11 ,้๘ๅ๙์้ํ ,73 ,๎่ไ แ๐้๎้๏
158 ,๐๒๏ ,NA'AN ,43 ,๘๎์ไ ,43 ,๘๎์ไ ,30 ,โๆ๘
3620 ,๐๒๘๏ ,NA'ARAN ,75 ,้๘ใ๏ )้๘้็ๅ( ,23 ,๒๔ๅ์ไ ,75 ,๒๘แๅ๚ ไ้๘ใ๏
524 ,๐เ๒ๅ๘ไ ,NA'URA ,23 ,๒๔ๅ์ไ ,23 ,๒๔ๅ์ไ ,8 ,ไโ์แๅ๒
3713 ,๐๒๎"ไ ,NAAMA ,75 ,้๘ใ๏ )้๘้็ๅ( ,11 ,้๘ๅ๙์้ํ ,75 ,๒๘แๅ๚ ไ้๘ใ๏
1276 ,เ๙แ์ ,NAHAL ESHBAL ,24 ,๒๋ๅ ,20 ,๋๘๎้เ์ ,56 ,๎๙โแ
3646 ,็๎ใ๚ ,NAHAL HEMDAT ,75 ,้๘ใ๏ )้๘้็ๅ( ,23 ,๒๔ๅ์ไ ,75 ,๒๘แๅ๚ ไ้๘ใ๏
844 ,๐็์ ๒ๅๆ ,NAHAL OZ ,61 ,เ๙๗์ๅ๏ ,61 ,เ๙๗์ๅ๏ ,37 ,๙๒๘ ไ๐โแ
1267 ,๙้่้ํ ,NAHAL SHITTIM ,62 ,แเ๘ ๙แ๒ ,63 ,เ้์๚ ,53 ,็แ์ เ้์ๅ๚
2045 ,๐็์ไ ,NAHALA ,61 ,เ๙๗์ๅ๏ ,61 ,เ๙๗์ๅ๏ ,35 ,้ๅเแ
80 ,๐ไ์์ ,NAHALAL ,23 ,๒๔ๅ์ไ ,23 ,๒๔ๅ์ไ ,9 ,๒๎๗ ้ๆ๘๒เ์
3767 ,๐็์้เ์ ,NAHALI'EL ,74 ,๘เ๎เ์์ไ ,11 ,้๘ๅ๙์้ํ ,73 ,๎่ไ แ๐้๎้๏
809 ,๐็ํ ,NAHAM ,11 ,้๘ๅ๙์้ํ ,13 ,แ้๚ ๙๎๙ ,26 ,๎่ไ ้ไๅใไ
9100 ,๐ไ๘้ไ ,NAHARIYYA ,24 ,๒๋ๅ ,24 ,๒๋ๅ ,0 ,
522 ,๐็๓ ,NAHEF ,24 ,๒๋ๅ ,20 ,๋๘๎้เ์ ,0 ,
433 ,๐็๙ๅ์้ํ ,NAHSHOLIM ,32 ,็ใ๘ไ ,32 ,็ใ๘ไ ,15 ,็ๅ๓ ไ๋๘๎์
777 ,๐็๙ๅ๏ ,NAHSHON ,11 ,้๘ๅ๙์้ํ ,13 ,แ้๚ ๙๎๙ ,26 ,๎่ไ ้ไๅใไ
705 ,๐็๙ๅ๐้ํ ,NAHSHONIM ,42 ,๔๚็ ๚๗ๅๅไ ,42 ,๔๚็ ๚๗ๅไ ,20 ,ใ๘ๅํ ไ๙๘ๅ๏
1041 ,๐๖เ๖๘ไ (๙แ่) ,NASASRA ,62 ,แเ๘ ๙แ๒ ,62 ,แเ๘ ๙แ๒ ,0 ,
1254 ,๐่๓ ,NATAF ,11 ,้๘ๅ๙์้ํ ,13 ,แ้๚ ๙๎๙ ,26 ,๎่ไ ้ไๅใไ
4014 ,๐่ๅ๘ ,NATUR ,29 ,โๅ์๏ ,22 ,่แ๘้ไ ,71 ,โๅ์๏
1366 ,๐ๅๅไ ,NAVE ,62 ,แเ๘ ๙แ๒ ,62 ,แเ๘ ๙แ๒ ,38 ,เ๙๋ๅ์
7300 ,๐๖๘๚ ,NAZARETH ,25 ,๐๖๘๚ ,25 ,๐ๅ๓ ไโ์้์ ,0 ,
4551 ,๐เๅ๚ โๅ์๏ ,NE'OT GOLAN ,29 ,โๅ์๏ ,22 ,่แ๘้ไ ,71 ,โๅ์๏
1124 ,๐เๅ๚ ไ๋้๋๘ ,NE'OT HAKIKKAR ,62 ,แเ๘ ๙แ๒ ,62 ,แเ๘ ๙แ๒ ,51 ,๚๎๘
408 ,๐เๅ๚ ๎๘ใ๋้ ,NE'OT MORDEKHAY ,21 ,๖๔๚ ,21 ,๖๔๚ ,1 ,ไโ์้์ ไ๒์้ๅ๏
186 ,๐๒ๅ๘้ํ ,NE'URIM ,41 ,ไ๙๘ๅ๏ ,41 ,๐๚๐้ไ ,16 ,๒๎๗ ็๔๘
315 ,๐โแไ ,NEGBA ,61 ,เ๙๗์ๅ๏ ,61 ,เ๙๗์ๅ๏ ,35 ,้ๅเแ
3724 ,๐โๅไๅ๚ ,NEGOHOT ,77 ,็แ๘ๅ๏ ,11 ,้๘ๅ๙์้ํ ,78 ,ไ๘ ็แ๘ๅ๏
449 ,๐็์้ํ ,NEHALIM ,42 ,๔๚็ ๚๗ๅๅไ ,42 ,๔๚็ ๚๗ๅไ ,25 ,็แ์ ๎ๅใ้๒้๏
309 ,๐ไๅ๘ไ ,NEHORA ,61 ,เ๙๗์ๅ๏ ,61 ,เ๙๗์ๅ๏ ,50 ,์๋้๙
59 ,๐็ๅ๙ไ ,NEHUSHA ,11 ,้๘ๅ๙์้ํ ,13 ,แ้๚ ๙๎๙ ,26 ,๎่ไ ้ไๅใไ
523 ,๐้้๏ ,NEIN ,23 ,๒๔ๅ์ไ ,23 ,๒๔ๅ์ไ ,66 ,แๅ๑๚เ๏ เ์-๎๘โ'
3890 ,๐๘้ไ ,NERIYA ,74 ,๘เ๎เ์์ไ ,11 ,้๘ๅ๙์้ํ ,73 ,๎่ไ แ๐้๎้๏
1143 ,๐๑ ๒๎้ํ ,NES AMMIM ,24 ,๒๋ๅ ,24 ,๒๋ๅ ,4 ,๎่ไ เ๙๘
825 ,๐๑ ไ๘้ํ ,NES HARIM ,11 ,้๘ๅ๙์้ํ ,13 ,แ้๚ ๙๎๙ ,26 ,๎่ไ ้ไๅใไ
7200 ,๐๑ ๖้ๅ๐ไ ,NES ZIYYONA ,44 ,๘็ๅแๅ๚ ,44 ,๘็ๅแๅ๚ ,0 ,
2500 ,๐๙๘ ,NESHER ,31 ,็้๔ไ ,31 ,็้๔ไ ,0 ,
1369 ,๐่๒ ,NETA ,61 ,เ๙๗์ๅ๏ ,61 ,เ๙๗์ๅ๏ ,50 ,์๋้๙
174 ,๐่๒้ํ ,NETA'IM ,44 ,๘็ๅแๅ๚ ,44 ,๘็ๅแๅ๚ ,27 ,โ๏ ๘ๅๅไ
7400 ,๐๚๐้ไ ,NETANYA ,41 ,ไ๙๘ๅ๏ ,41 ,๐๚๐้ไ ,0 ,
1242 ,๐๚้แ ไ๒๙๘ไ ,NETIV HAASARA ,61 ,เ๙๗์ๅ๏ ,61 ,เ๙๗์ๅ๏ ,36 ,็ๅ๓ เ๙๗์ๅ๏
3555 ,๐๚้แ ไโใๅใ ,NETIV HAGEDUD ,75 ,้๘ใ๏ )้๘้็ๅ( ,23 ,๒๔ๅ์ไ ,75 ,๒๘แๅ๚ ไ้๘ใ๏
693 ,๐๚้แ ไ์"ไ ,NETIV HALAMED-HE ,11 ,้๘ๅ๙์้ํ ,13 ,แ้๚ ๙๎๙ ,26 ,๎่ไ ้ไๅใไ
792 ,๐๚้แ ไ๙้้๘ไ ,NETIV HASHAYYARA ,24 ,๒๋ๅ ,24 ,๒๋ๅ ,4 ,๎่ไ เ๙๘
246 ,๐๚้แๅ๚ ,NETIVOT ,62 ,แเ๘ ๙แ๒ ,62 ,แเ๘ ๙แ๒ ,0 ,
1147 ,๐่ๅ๒ไ ,NETU'A ,24 ,๒๋ๅ ,24 ,๒๋ๅ ,52 ,๎๒์ไ ้ๅ๑๓
396 ,๐แ่้ํ ,NEVATIM ,62 ,แเ๘ ๙แ๒ ,62 ,แเ๘ ๙แ๒ ,41 ,แ๐้ ๙๎๒ๅ๏
3877 ,๐ๅๅไ โใ้ใ ,NEVE GADID ,75 ,้๘ใ๏ )้๘้็ๅ( ,23 ,๒๔ๅ์ไ ,75 ,๒๘แๅ๚ ไ้๘ใ๏
3573 ,๐ๅไ ๖ๅ๓ ,NEVE TSUF ,74 ,๘เ๎เ์์ไ ,11 ,้๘ๅ๙์้ํ ,73 ,๎่ไ แ๐้๎้๏
4303 ,๐ๅๅไ เ่้"แ ,NEWE ATIV ,29 ,โๅ์๏ ,21 ,๖๔๚ ,71 ,โๅ์๏
926 ,๐ๅๅไ เแๅ๚ ,NEWE AVOT ,32 ,็ใ๘ไ ,32 ,็ใ๘ไ ,0 ,
3725 ,๐ๅๅไ ใ๐้เ์ ,NEWE DANIYYEL ,76 ,แ้๚ ์็ํ ,11 ,้๘ๅ๙์้ํ ,76 ,โๅ๙ ๒๖้ๅ๏
296 ,๐ๅๅไ เ้๚๏ ,NEWE ETAN ,23 ,๒๔ๅ์ไ ,23 ,๒๔ๅ์ไ ,7 ,๒๎๗ ไ๎๒้้๐ๅ๚
1279 ,๐ๅๅไ ็๘้๓ ,NEWE HARIF ,62 ,แเ๘ ๙แ๒ ,63 ,เ้์๚ ,53 ,็แ์ เ้์ๅ๚
405 ,๐ๅๅไ เ้์๏ ,NEWE ILAN ,11 ,้๘ๅ๙์้ํ ,13 ,แ้๚ ๙๎๙ ,26 ,๎่ไ ้ไๅใไ
1071 ,๐ๅๅไ ๎้๋เ์ ,NEWE MIKHA'EL ,11 ,้๘ๅ๙์้ํ ,13 ,แ้๚ ๙๎๙ ,26 ,๎่ไ ้ไๅใไ
827 ,๐ๅๅไ ๎แ่็ ,NEWE MIVTAH ,61 ,เ๙๗์ๅ๏ ,61 ,เ๙๗์ๅ๏ ,33 ,แเ๘ ่ๅแ้ไ
1259 ,๐ๅๅไ ๙์ๅํ ,NEWE SHALOM ,11 ,้๘ๅ๙์้ํ ,13 ,แ้๚ ๙๎๙ ,26 ,๎่ไ ้ไๅใไ
590 ,๐ๅๅไ เๅ๘ ,NEWE UR ,23 ,๒๔ๅ์ไ ,23 ,๒๔ๅ์ไ ,7 ,๒๎๗ ไ๎๒้้๐ๅ๚
312 ,๐ๅๅไ ้ํ ,NEWE YAM ,32 ,็ใ๘ไ ,32 ,็ใ๘ไ ,15 ,็ๅ๓ ไ๋๘๎์
686 ,๐ๅๅไ ้๎้๏ ,NEWE YAMIN ,42 ,๔๚็ ๚๗ๅๅไ ,47 ,๋๔๘ ๑แเ ,20 ,ใ๘ๅํ ไ๙๘ๅ๏
858 ,๐ๅๅไ ้๘๗ ,NEWE YARAQ ,42 ,๔๚็ ๚๗ๅๅไ ,42 ,๔๚็ ๚๗ๅไ ,20 ,ใ๘ๅํ ไ๙๘ๅ๏
1314 ,๐ๅๅไ ๆ้ๅ ,NEWE ZIV ,24 ,๒๋ๅ ,24 ,๒๋ๅ ,52 ,๎๒์ไ ้ๅ๑๓
1057 ,๐ๅๅไ ๆๅไ๘ ,NEWE ZOHAR ,62 ,แเ๘ ๙แ๒ ,62 ,แเ๘ ๙แ๒ ,51 ,๚๎๘
1372 ,๐๖๘ ็ๆ๐้ ,NEZER HAZZANI ,44 ,๘็ๅแๅ๚ ,44 ,๘็ๅแๅ๚ ,31 ,๐็์ ๙ๅ๘๗
435 ,๐๖๘ ๑๘๐้ ,NEZER SERENI ,43 ,๘๎์ไ ,43 ,๘๎์ไ ,30 ,โๆ๘
3887 ,๐ๆ๘ ๙ๅ๎๘ๅ๏ ,NEZER SHOMRON ,72 ,๙๋ํ ,48 ,เ๘้เ์ ,72 ,๙ๅ๎๘ๅ๏
3655 ,๐้์"้ ,NILI ,74 ,๘เ๎เ์์ไ ,43 ,๘๎์ไ ,73 ,๎่ไ แ๐้๎้๏
4035 ,๐๎๘ๅใ ,NIMROD ,29 ,โๅ์๏ ,22 ,่แ๘้ไ ,71 ,โๅ์๏
348 ,๐้๘ ๒ํ ,NIR AM ,61 ,เ๙๗์ๅ๏ ,61 ,เ๙๗์ๅ๏ ,37 ,๙๒๘ ไ๐โแ
2048 ,๐้๘ ๒๗้แเ ,NIR AQIVA ,62 ,แเ๘ ๙แ๒ ,62 ,แเ๘ ๙แ๒ ,42 ,๎๘็แ้ํ
553 ,๐้๘ แ๐้ํ ,NIR BANIM ,61 ,เ๙๗์ๅ๏ ,61 ,เ๙๗์ๅ๏ ,33 ,แเ๘ ่ๅแ้ไ
256 ,๐้๘ ใๅใ (๚์ ๒๎์) ,NIR DAWID (TEL AMAL) ,23 ,๒๔ๅ์ไ ,23 ,๒๔ๅ์ไ ,7 ,๒๎๗ ไ๎๒้้๐ๅ๚
808 ,๐้๘ เ์้ไๅ ,NIR ELIYYAHU ,42 ,๔๚็ ๚๗ๅๅไ ,47 ,๋๔๘ ๑แเ ,20 ,ใ๘ๅํ ไ๙๘ๅ๏
769 ,๐้๘ ๒๖้ๅ๏ ,NIR EZYON ,32 ,็ใ๘ไ ,32 ,็ใ๘ไ ,15 ,็ๅ๓ ไ๋๘๎์
720 ,๐้๘ โ์้ํ ,NIR GALLIM ,44 ,๘็ๅแๅ๚ ,44 ,๘็ๅแๅ๚ ,29 ,็แ์ ้แ๐ไ
11 ,๐้๘ ็"๏ ,NIR HEN ,61 ,เ๙๗์ๅ๏ ,61 ,เ๙๗์ๅ๏ ,50 ,์๋้๙
2047 ,๐้๘ ๎๙ไ ,NIR MOSHE ,62 ,แเ๘ ๙แ๒ ,62 ,แเ๘ ๙แ๒ ,42 ,๎๘็แ้ํ
69 ,๐้๘ ๒ๅๆ ,NIR OZ ,62 ,แเ๘ ๙แ๒ ,62 ,แเ๘ ๙แ๒ ,38 ,เ๙๋ๅ์
165 ,๐้๘ ้๔ไ ,NIR YAFE ,23 ,๒๔ๅ์ไ ,23 ,๒๔ๅ์ไ ,8 ,ไโ์แๅ๒
699 ,๐้๘ ้๙๘เ์ ,NIR YISRA'EL ,61 ,เ๙๗์ๅ๏ ,61 ,เ๙๗์ๅ๏ ,36 ,็ๅ๓ เ๙๗์ๅ๏
402 ,๐้๘ ้๖็๗ ,NIR YIZHAQ ,62 ,แเ๘ ๙แ๒ ,62 ,แเ๘ ๙แ๒ ,38 ,เ๙๋ๅ์
331 ,๐้๘ ๖แ้ ,NIR ZEVI ,43 ,๘๎์ไ ,43 ,๘๎์ไ ,40 ,๙ใๅ๚ ใ๏
602 ,๐้๘้ํ ,NIRIM ,62 ,แเ๘ ๙แ๒ ,62 ,แเ๘ ๙แ๒ ,38 ,เ๙๋ๅ์
1236 ,๐้๘้๚ ,NIRIT ,42 ,๔๚็ ๚๗ๅๅไ ,349 ,๘เ๙ ไ๒้๏ ,20 ,ใ๘ๅํ ไ๙๘ๅ๏
351 ,๐้๖๏ ,NIZZAN ,61 ,เ๙๗์ๅ๏ ,61 ,เ๙๗์ๅ๏ ,36 ,็ๅ๓ เ๙๗์ๅ๏
1419 ,๐้๖๏ แ' ,NIZZAN B ,61 ,เ๙๗์ๅ๏ ,61 ,เ๙๗์ๅ๏ ,36 ,็ๅ๓ เ๙๗์ๅ๏
1195 ,๐้๖๐ไ (๗ไ้์๚ ็้๐ๅ๊) ,NIZZANA (QEHILAT HIN ,62 ,แเ๘ ๙แ๒ ,62 ,แเ๘ ๙แ๒ ,48 ,๘๎๚ ๐โแ
851 ,๐้๖๐้ ๒ๅๆ ,NIZZANE OZ ,41 ,ไ๙๘ๅ๏ ,41 ,๐๚๐้ไ ,18 ,์แ ไ๙๘ๅ๏
1280 ,๐้๖๐้ ๑้๐้ ,NIZZANE SINAY ,62 ,แเ๘ ๙แ๒ ,62 ,แเ๘ ๙แ๒ ,48 ,๘๎๚ ๐โแ
359 ,๐้๖๐้ํ ,NIZZANIM ,61 ,เ๙๗์ๅ๏ ,61 ,เ๙๗์ๅ๏ ,36 ,็ๅ๓ เ๙๗์ๅ๏
15 ,๐ๅ๒ํ ,NO'AM ,61 ,เ๙๗์ๅ๏ ,61 ,เ๙๗์ๅ๏ ,34 ,๙๔้๘
1333 ,๐ๅ๓ เ้้์ๅ๏ ,NOF AYYALON ,43 ,๘๎์ไ ,43 ,๘๎์ไ ,30 ,โๆ๘
1061 ,๐ๅ๓ ไโ์้์ ,NOF HAGALIL ,25 ,๐๖๘๚ ,25 ,๐ๅ๓ ไโ์้์ ,0 ,
3876 ,๐ๅ๔้ ๔๘๚ ,NOFE PRAT ,74 ,๘เ๎เ์์ไ ,11 ,้๘ๅ๙์้ํ ,73 ,๎่ไ แ๐้๎้๏
257 ,๐ๅ๔๊ ,NOFEKH ,42 ,๔๚็ ๚๗ๅๅไ ,42 ,๔๚็ ๚๗ๅไ ,25 ,็แ์ ๎ๅใ้๒้๏
3790 ,๐ๅ๔้ํ ,NOFIM ,73 ,่ๅ์ ๋๘ํ ,48 ,เ๘้เ์ ,72 ,๙ๅ๎๘ๅ๏
1284 ,๐ๅ๔้๚ ,NOFIT ,31 ,็้๔ไ ,31 ,็้๔ไ ,12 ,ๆแๅ์ๅ๏
55 ,๐ๅโไ ,NOGAH ,61 ,เ๙๗์ๅ๏ ,61 ,เ๙๗์ๅ๏ ,50 ,์๋้๙
3726 ,๐ๅ๗ใ้ํ ,NOQEDIM ,76 ,แ้๚ ์็ํ ,11 ,้๘ๅ๙์้ํ ,76 ,โๅ๙ ๒๖้ๅ๏
447 ,๐ๅ๘ใ้ไ ,NORDIYYA ,41 ,ไ๙๘ๅ๏ ,41 ,๐๚๐้ไ ,18 ,์แ ไ๙๘ๅ๏
4304 ,๐ๅแ ,NOV ,29 ,โๅ์๏ ,22 ,่แ๘้ไ ,71 ,โๅ์๏
833 ,๐ๅ๘้๚ ,NURIT ,23 ,๒๔ๅ์ไ ,23 ,๒๔ๅ์ไ ,8 ,ไโ์แๅ๒
4010 ,เๅใํ ,ODEM ,29 ,โๅ์๏ ,21 ,๖๔๚ ,71 ,โๅ์๏
31 ,เๅ๔๗้ํ ,OFAQIM ,62 ,แเ๘ ๙แ๒ ,62 ,แเ๘ ๙แ๒ ,0 ,
810 ,๒ๅ๔๘ ,OFER ,32 ,็ใ๘ไ ,32 ,็ใ๘ไ ,15 ,็ๅ๓ ไ๋๘๎์
3617 ,๒ๅ๔๘ไ ,OFRA ,74 ,๘เ๎เ์์ไ ,11 ,้๘ๅ๙์้ํ ,73 ,๎่ไ แ๐้๎้๏
1046 ,เๅไใ ,OHAD ,62 ,แเ๘ ๙แ๒ ,62 ,แเ๘ ๙แ๒ ,38 ,เ๙๋ๅ์
737 ,๒ๅ์๙ ,OLESH ,41 ,ไ๙๘ๅ๏ ,41 ,๐๚๐้ไ ,16 ,๒๎๗ ็๔๘
1108 ,เๅ๎๏ ,OMEN ,23 ,๒๔ๅ์ไ ,23 ,๒๔ๅ์ไ ,8 ,ไโ์แๅ๒
666 ,๒ๅ๎๘ ,OMER ,62 ,แเ๘ ๙แ๒ ,62 ,แเ๘ ๙แ๒ ,0 ,
680 ,เๅ๎๕ ,OMEZ ,41 ,ไ๙๘ๅ๏ ,41 ,๐๚๐้ไ ,16 ,๒๎๗ ็๔๘
1020 ,เๅ๘ ๒๗้แเ ,OR AQIVA ,32 ,็ใ๘ไ ,32 ,็ใ๘ไ ,0 ,
1294 ,เๅ๘ ไโ๐ๅๆ ,OR HAGANUZ ,21 ,๖๔๚ ,21 ,๖๔๚ ,2 ,๎๘ๅํ ไโ์้์
67 ,เๅ๘ ไ๐๘ ,OR HANER ,61 ,เ๙๗์ๅ๏ ,61 ,เ๙๗์ๅ๏ ,37 ,๙๒๘ ไ๐โแ
2400 ,เๅ๘ ้ไๅใไ ,OR YEHUDA ,52 ,๘๎๚ โ๏ ,52 ,๘๎๚ โ๏ ,0 ,
780 ,เๅ๘ไ ,ORA ,11 ,้๘ๅ๙์้ํ ,11 ,้๘ๅ๙์้ํ ,26 ,๎่ไ ้ไๅใไ
882 ,เๅ๘๐้ํ ,ORANIM ,31 ,็้๔ไ ,31 ,็้๔ไ ,12 ,ๆแๅ์ๅ๏
3760 ,เๅ๘๐้๚ ,ORANIT ,73 ,่ๅ์ ๋๘ํ ,349 ,๘เ๙ ไ๒้๏ ,0 ,
2012 ,เๅ๘ๅ๚ ,OROT ,61 ,เ๙๗์ๅ๏ ,61 ,เ๙๗์ๅ๏ ,33 ,แเ๘ ่ๅแ้ไ
4013 ,เๅ๘่์ ,ORTAL ,29 ,โๅ์๏ ,22 ,่แ๘้ไ ,71 ,โๅ์๏
3748 ,๒๚๐้เ์ ,OTNI'EL ,77 ,็แ๘ๅ๏ ,11 ,้๘ๅ๙์้ํ ,78 ,ไ๘ ็แ๘ๅ๏
3786 ,เๅแ๐๚ ,OVNAT ,75 ,้๘ใ๏ )้๘้็ๅ( ,11 ,้๘ๅ๙์้ํ ,74 ,๎โ้์ๅ๚ ้ํ ไ๎์็
32 ,๒ๅ๖ํ ,OZEM ,61 ,เ๙๗์ๅ๏ ,61 ,เ๙๗์ๅ๏ ,50 ,์๋้๙
2059 ,๔๒๎้ ๚๙"ๆ ,PA'AME TASHAZ ,62 ,แเ๘ ๙แ๒ ,62 ,แเ๘ ๙แ๒ ,42 ,๎๘็แ้ํ
597 ,๔์๎็้ํ ,PALMAHIM ,44 ,๘็ๅแๅ๚ ,44 ,๘็ๅแๅ๚ ,27 ,โ๏ ๘ๅๅไ
1151 ,๔เ๘๏ ,PARAN ,62 ,แเ๘ ๙แ๒ ,63 ,เ้์๚ ,54 ,ไ๒๘แไ ไ๚้๋ๅ๐ไ
3894 ,๔๘๙้ํ ,PARASHIM ,71 ,โ'๐้๏ ,32 ,็ใ๘ไ ,72 ,๙ๅ๎๘ๅ๏
7800 ,๔๘ใ๑ ็๐ไ-๋๘๋ๅ๘ ,PARDES HANNA-KARKUR ,32 ,็ใ๘ไ ,32 ,็ใ๘ไ ,0 ,
171 ,๔๘ใ๑้ไ ,PARDESIYYA ,41 ,ไ๙๘ๅ๏ ,41 ,๐๚๐้ไ ,0 ,
599 ,๔๘ๅใ ,PAROD ,21 ,๖๔๚ ,21 ,๖๔๚ ,2 ,๎๘ๅํ ไโ์้์
749 ,๔่้๙ ,PATTISH ,62 ,แเ๘ ๙แ๒ ,62 ,แเ๘ ๙แ๒ ,42 ,๎๘็แ้ํ
838 ,๔ใ้ไ ,PEDAYA ,43 ,๘๎์ไ ,43 ,๘๎์ไ ,30 ,โๆ๘
3768 ,๔ใๅเ์ ,PEDU'EL ,73 ,่ๅ์ ๋๘ํ ,48 ,เ๘้เ์ ,72 ,๙ๅ๎๘ๅ๏
750 ,๔ใๅ้้ํ ,PEDUYIM ,62 ,แเ๘ ๙แ๒ ,62 ,แเ๘ ๙แ๒ ,42 ,๎๘็แ้ํ
1185 ,๔์๊ ,PELEKH ,24 ,๒๋ๅ ,20 ,๋๘๎้เ์ ,56 ,๎๙โแ
3723 ,๔๐้ ็แ๘ ,PENE HEVER ,77 ,็แ๘ๅ๏ ,11 ,้๘ๅ๙์้ํ ,78 ,ไ๘ ็แ๘ๅ๏
536 ,๔๗้๒้๏ (แๅ๗้้๒ไ) ,PEQI'IN (BUQEI'A) ,24 ,๒๋ๅ ,24 ,๒๋ๅ ,0 ,
281 ,๔๗้๒้๏ ็ใ๙ไ ,PEQI'IN HADASHA ,24 ,๒๋ๅ ,24 ,๒๋ๅ ,52 ,๎๒์ไ ้ๅ๑๓
2053 ,๔๘ๆๅ๏ ,PERAZON ,23 ,๒๔ๅ์ไ ,23 ,๒๔ๅ์ไ ,8 ,ไโ์แๅ๒
1231 ,๔๘้ โ๏ ,PERI GAN ,62 ,แเ๘ ๙แ๒ ,62 ,แเ๘ ๙แ๒ ,38 ,เ๙๋ๅ์
3659 ,๔๑โๅ๚ ,PESAGOT ,74 ,๘เ๎เ์์ไ ,11 ,้๘ๅ๙์้ํ ,73 ,๎่ไ แ๐้๎้๏
7900 ,๔๚็ ๚๗ๅๅไ ,PETAH TIQWA ,42 ,๔๚็ ๚๗ๅๅไ ,42 ,๔๚็ ๚๗ๅไ ,0 ,
839 ,๔๚็้ไ ,PETAHYA ,43 ,๘๎์ไ ,43 ,๘๎์ไ ,30 ,โๆ๘
3615 ,๔๖เ์ ,PEZA'EL ,75 ,้๘ใ๏ )้๘้็ๅ( ,23 ,๒๔ๅ์ไ ,75 ,๒๘แๅ๚ ไ้๘ใ๏
767 ,๔ๅ๘๚ ,PORAT ,41 ,ไ๙๘ๅ๏ ,41 ,๐๚๐้ไ ,18 ,์แ ไ๙๘ๅ๏
1313 ,๔ๅ๘้ไ ๒้์้๚ ,PORIYYA ILLIT ,22 ,๋๐๘๚ ,22 ,่แ๘้ไ ,6 ,๒๎๗ ไ้๘ใ๏
1104 ,๔ๅ๘้ไ - ๋๔๘ ๒แๅใไ ,PORIYYA-KEFAR AVODA ,22 ,๋๐๘๚ ,22 ,่แ๘้ไ ,6 ,๒๎๗ ไ้๘ใ๏
1105 ,๔ๅ๘้ไ - ๐ๅๅไ ๒ๅแใ ,PORIYYA-NEWE OVED ,22 ,๋๐๘๚ ,22 ,่แ๘้ไ ,6 ,๒๎๗ ไ้๘ใ๏
4029 ,๘๎๚ ไ๐๙้เ ่๘เ๎๔ ,PRESIDENT TRUMP HEI ,29 ,โๅ์๏ ,22 ,่แ๘้ไ ,71 ,โๅ์๏
1234 ,๗แๅ๒ไ (๙แ่) ,QABBO'A ,62 ,แเ๘ ๙แ๒ ,62 ,แเ๘ ๙แ๒ ,0 ,
1211 ,๗ใ๘้ํ ,QADDARIM ,22 ,๋๐๘๚ ,22 ,่แ๘้ไ ,1 ,ไโ์้์ ไ๒์้ๅ๏
195 ,๗ใ้๎ไ-๖ๅ๘๏ ,QADIMA-ZORAN ,41 ,ไ๙๘ๅ๏ ,41 ,๐๚๐้ไ ,0 ,
638 ,๗์๐๑ๅๅไ ,QALANSAWE ,41 ,ไ๙๘ๅ๏ ,41 ,๐๚๐้ไ ,0 ,
3601 ,๗์้ไ ,QALYA ,75 ,้๘ใ๏ )้๘้็ๅ( ,11 ,้๘ๅ๙์้ํ ,74 ,๎โ้์ๅ๚ ้ํ ไ๎์็
3640 ,๗๘๐้ ๙ๅ๎๘ๅ๏ ,QARNE SHOMERON ,73 ,่ๅ์ ๋๘ํ ,48 ,เ๘้เ์ ,0 ,
972 ,๗ๅๅเ๒้๏ (๙แ่) ,QAWA'IN ,62 ,แเ๘ ๙แ๒ ,62 ,แเ๘ ๙แ๒ ,0 ,
1243 ,๗๖้๘ ,QAZIR ,32 ,็ใ๘ไ ,32 ,็ใ๘ไ ,14 ,๎๐๙ไ
4100 ,๗๖๘้๏ ,QAZRIN ,29 ,โๅ์๏ ,22 ,่แ๘้ไ ,0 ,
3781 ,๗ใ๘ ,QEDAR ,76 ,แ้๚ ์็ํ ,11 ,้๘ๅ๙์้ํ ,76 ,โๅ๙ ๒๖้ๅ๏
392 ,๗ใ๎ไ ,QEDMA ,61 ,เ๙๗์ๅ๏ ,61 ,เ๙๗์ๅ๏ ,35 ,้ๅเแ
3557 ,๗ใๅ๎้ํ ,QEDUMIM ,73 ,่ๅ์ ๋๘ํ ,47 ,๋๔๘ ๑แเ ,0 ,
4024 ,๗์๒ ,QELA ,29 ,โๅ์๏ ,22 ,่แ๘้ไ ,71 ,โๅ์๏
414 ,๗์็้ํ ,QELAHIM ,62 ,แเ๘ ๙แ๒ ,62 ,แเ๘ ๙แ๒ ,42 ,๎๘็แ้ํ
1167 ,๗้๑๘้ไ ,QESARIYYA ,32 ,็ใ๘ไ ,32 ,็ใ๘ไ ,15 ,็ๅ๓ ไ๋๘๎์
4006 ,๗๙๚ ,QESHET ,29 ,โๅ์๏ ,22 ,่แ๘้ไ ,71 ,โๅ์๏
1052 ,๗่ๅ๘ไ ,QETURA ,62 ,แเ๘ ๙แ๒ ,63 ,เ้์๚ ,53 ,็แ์ เ้์ๅ๚
334 ,๗แๅ๖๚ ้แ๐ไ ,QEVUZAT YAVNE ,44 ,๘็ๅแๅ๚ ,44 ,๘็ๅแๅ๚ ,29 ,็แ์ ้แ๐ไ
4025 ,๗ใ๎๚ ๖แ้ ,QIDMAT ZEVI ,29 ,โๅ์๏ ,22 ,่แ๘้ไ ,71 ,โๅ์๏
615 ,๗ใ๘ๅ๏ ,QIDRON ,44 ,๘็ๅแๅ๚ ,44 ,๘็ๅแๅ๚ ,28 ,แ๘๐๘
78 ,๗๘้๚ ๒๐แ้ํ ,QIRYAT ANAVIM ,11 ,้๘ๅ๙์้ํ ,13 ,แ้๚ ๙๎๙ ,26 ,๎่ไ ้ไๅใไ
3611 ,๗๘้๚ เ๘แ๒ ,QIRYAT ARBA ,77 ,็แ๘ๅ๏ ,11 ,้๘ๅ๙์้ํ ,0 ,
6800 ,๗๘้๚ เ๚เ ,QIRYAT ATTA ,31 ,็้๔ไ ,27 ,๗๘้ๅ๚ ,0 ,
9500 ,๗๘้๚ แ้เ์้๗ ,QIRYAT BIALIK ,31 ,็้๔ไ ,27 ,๗๘้ๅ๚ ,0 ,
469 ,๗๘้๚ ๒๗๘ๅ๏ ,QIRYAT EQRON ,44 ,๘็ๅแๅ๚ ,44 ,๘็ๅแๅ๚ ,0 ,
2630 ,๗๘้๚ โ๚ ,QIRYAT GAT ,61 ,เ๙๗์ๅ๏ ,61 ,เ๙๗์ๅ๏ ,0 ,
1034 ,๗๘้๚ ๎์เ๋้ ,QIRYAT MAL'AKHI ,61 ,เ๙๗์ๅ๏ ,61 ,เ๙๗์ๅ๏ ,0 ,
8200 ,๗๘้๚ ๎ๅ๖๗้๏ ,QIRYAT MOTZKIN ,31 ,็้๔ไ ,27 ,๗๘้ๅ๚ ,0 ,
3746 ,๗๘้๚ ๐่๔้ํ ,QIRYAT NETAFIM ,73 ,่ๅ์ ๋๘ํ ,48 ,เ๘้เ์ ,72 ,๙ๅ๎๘ๅ๏
2620 ,๗๘้๚ เๅ๐ๅ ,QIRYAT ONO ,52 ,๘๎๚ โ๏ ,52 ,๘๎๚ โ๏ ,0 ,
412 ,๗๘้๚ ๙์๎ไ ,QIRYAT SHELOMO ,41 ,ไ๙๘ๅ๏ ,41 ,๐๚๐้ไ ,19 ,็ๅ๓ ไ๙๘ๅ๏
2800 ,๗๘้๚ ๙๎ๅ๐ไ ,QIRYAT SHEMONA ,21 ,๖๔๚ ,21 ,๖๔๚ ,0 ,
2300 ,๗๘้๚ ่แ๒ๅ๏ ,QIRYAT TIV'ON ,31 ,็้๔ไ ,31 ,็้๔ไ ,0 ,
9600 ,๗๘้๚ ้ํ ,QIRYAT YAM ,31 ,็้๔ไ ,27 ,๗๘้ๅ๚ ,0 ,
1137 ,๗๘้๚ ้๒๘้ํ ,QIRYAT YE'ARIM ,11 ,้๘ๅ๙์้ํ ,13 ,แ้๚ ๙๎๙ ,0 ,
2039 ,๗๘้๚ ้๒๘้ํ(๎ๅ๑ใ) ,QIRYAT YE'ARIM(INSTI ,11 ,้๘ๅ๙์้ํ ,13 ,แ้๚ ๙๎๙ ,26 ,๎่ไ ้ไๅใไ
766 ,๗ๅ๎๎้ๅ๚ ,QOMEMIYYUT ,61 ,เ๙๗์ๅ๏ ,61 ,เ๙๗์ๅ๏ ,34 ,๙๔้๘
1179 ,๗ๅ๘๐้๚ ,QORANIT ,24 ,๒๋ๅ ,20 ,๋๘๎้เ์ ,56 ,๎๙โแ
964 ,๗ๅใ้้๘เ๚ เ-๖เ๐๒(๙แ่) ,QUDEIRAT AS-SANI ,62 ,แเ๘ ๙แ๒ ,62 ,แเ๘ ๙แ๒ ,0 ,
8700 ,๘๒๐๐ไ ,RA'ANANA ,42 ,๔๚็ ๚๗ๅๅไ ,47 ,๋๔๘ ๑แเ ,0 ,
1161 ,๘ไ่ ,RAHAT ,62 ,แเ๘ ๙แ๒ ,62 ,แเ๘ ๙แ๒ ,0 ,
1069 ,๘ํ-เๅ๏ ,RAM-ON ,23 ,๒๔ๅ์ไ ,23 ,๒๔ๅ์ไ ,8 ,ไโ์แๅ๒
135 ,๘๎๚ ใๅใ ,RAMAT DAWID ,23 ,๒๔ๅ์ไ ,23 ,๒๔ๅ์ไ ,9 ,๒๎๗ ้ๆ๘๒เ์
8600 ,๘๎๚ โ๏ ,RAMAT GAN ,52 ,๘๎๚ โ๏ ,52 ,๘๎๚ โ๏ ,0 ,
184 ,๘๎๚ ไ๋ๅแ๙ ,RAMAT HAKOVESH ,42 ,๔๚็ ๚๗ๅๅไ ,47 ,๋๔๘ ๑แเ ,20 ,ใ๘ๅํ ไ๙๘ๅ๏
2650 ,๘๎๚ ไ๙๘ๅ๏ ,RAMAT HASHARON ,51 ,๚์ เแ้แ ,57 ,ไ๘๖์้ไ ,0 ,
335 ,๘๎๚ ไ๙ๅ๔่ ,RAMAT HASHOFET ,23 ,๒๔ๅ์ไ ,23 ,๒๔ๅ์ไ ,13 ,๎โ้ใๅ
4701 ,๘๎๚ ๎โ๙้๎้ํ ,RAMAT MAGSHIMIM ,29 ,โๅ์๏ ,22 ,่แ๘้ไ ,71 ,โๅ์๏
127 ,๘๎๚ ๘็์ ,RAMAT RAHEL ,11 ,้๘ๅ๙์้ํ ,11 ,้๘ๅ๙์้ํ ,26 ,๎่ไ ้ไๅใไ
460 ,๘๎๚ ๘ๆ้เ์ ,RAMAT RAZI'EL ,11 ,้๘ๅ๙์้ํ ,13 ,แ้๚ ๙๎๙ ,26 ,๎่ไ ้ไๅใไ
122 ,๘๎๚ ้๙้ ,RAMAT YISHAY ,23 ,๒๔ๅ์ไ ,23 ,๒๔ๅ์ไ ,0 ,
178 ,๘๎๚ ้ๅ็๐๏ ,RAMAT YOHANAN ,31 ,็้๔ไ ,27 ,๗๘้ๅ๚ ,12 ,ๆแๅ์ๅ๏
339 ,๘๎๚ ๖แ้ ,RAMAT ZEVI ,23 ,๒๔ๅ์ไ ,23 ,๒๔ๅ์ไ ,8 ,ไโ์แๅ๒
543 ,๘เ๎ไ ,RAME ,24 ,๒๋ๅ ,20 ,๋๘๎้เ์ ,0 ,
8500 ,๘๎์ไ ,RAMLA ,43 ,๘๎์ไ ,43 ,๘๎์ไ ,0 ,
4702 ,๘๎ๅ๚ ,RAMOT ,29 ,โๅ์๏ ,22 ,่แ๘้ไ ,71 ,โๅ์๏
206 ,๘๎ๅ๚ ไ๙แ้ํ ,RAMOT HASHAVIM ,42 ,๔๚็ ๚๗ๅๅไ ,47 ,๋๔๘ ๑แเ ,20 ,ใ๘ๅํ ไ๙๘ๅ๏
735 ,๘๎ๅ๚ ๎เ้๘ ,RAMOT ME'IR ,43 ,๘๎์ไ ,43 ,๘๎์ไ ,30 ,โๆ๘
445 ,๘๎ๅ๚ ๎๐๙ไ ,RAMOT MENASHE ,23 ,๒๔ๅ์ไ ,23 ,๒๔ๅ์ไ ,13 ,๎โ้ใๅ
372 ,๘๎ๅ๚ ๐๔๚์้ ,RAMOT NAFTALI ,21 ,๖๔๚ ,21 ,๖๔๚ ,55 ,๎แๅเๅ๚ ไ็๘๎ๅ๏
789 ,๘๐๏ ,RANNEN ,62 ,แเ๘ ๙แ๒ ,62 ,แเ๘ ๙แ๒ ,42 ,๎๘็แ้ํ
1228 ,๘๗๔๚ ,RAQEFET ,24 ,๒๋ๅ ,20 ,๋๘๎้เ์ ,56 ,๎๙โแ
1334 ,๘เ๑ เ์-๒้๏ ,RAS AL-EIN ,24 ,๒๋ๅ ,20 ,๋๘๎้เ์ ,56 ,๎๙โแ
990 ,๘เ๑ ๒์้ ,RAS ALI ,31 ,็้๔ไ ,31 ,็้๔ไ ,12 ,ๆแๅ์ๅ๏
1225 ,๘แ้ใ ,RAVID ,22 ,๋๐๘๚ ,22 ,่แ๘้ไ ,6 ,๒๎๗ ไ้๘ใ๏
713 ,๘๒้ํ ,RE'IM ,62 ,แเ๘ ๙แ๒ ,62 ,แเ๘ ๙แ๒ ,38 ,เ๙๋ๅ์
444 ,๘โแ้ํ ,REGAVIM ,32 ,็ใ๘ไ ,32 ,็ใ๘ไ ,14 ,๎๐๙ไ
390 ,๘โแไ ,REGBA ,24 ,๒๋ๅ ,24 ,๒๋ๅ ,4 ,๎่ไ เ๙๘
3568 ,๘้็๏ ,REHAN ,71 ,โ'๐้๏ ,32 ,็ใ๘ไ ,72 ,๙ๅ๎๘ๅ๏
3822 ,๘็์้ํ ,REHELIM ,72 ,๙๋ํ ,48 ,เ๘้เ์ ,72 ,๙ๅ๎๘ๅ๏
854 ,๘็ๅแ ,REHOV ,23 ,๒๔ๅ์ไ ,23 ,๒๔ๅ์ไ ,7 ,๒๎๗ ไ๎๒้้๐ๅ๚
8400 ,๘็ๅแๅ๚ ,REHOVOT ,44 ,๘็ๅแๅ๚ ,44 ,๘็ๅแๅ๚ ,0 ,
540 ,๘้็เ๐้ไ ,REIHANIYYE ,21 ,๖๔๚ ,21 ,๖๔๚ ,2 ,๎๘ๅํ ไโ์้์
542 ,๘้้๐ไ ,REINE ,25 ,๐๖๘๚ ,25 ,๐ๅ๓ ไโ์้์ ,0 ,
922 ,๘๋๑้ํ ,REKHASIM ,31 ,็้๔ไ ,27 ,๗๘้ๅ๚ ,0 ,
437 ,๘๙๔้ํ ,RESHAFIM ,23 ,๒๔ๅ์ไ ,23 ,๒๔ๅ์ไ ,7 ,๒๎๗ ไ๎๒้้๐ๅ๚
1260 ,๘๚๎้ํ ,RETAMIM ,62 ,แเ๘ ๙แ๒ ,62 ,แเ๘ ๙แ๒ ,48 ,๘๎๚ ๐โแ
564 ,๘แใ้ํ ,REVADIM ,61 ,เ๙๗์ๅ๏ ,61 ,เ๙๗์ๅ๏ ,35 ,้ๅเแ
3795 ,๘แแไ ,REVAVA ,72 ,๙๋ํ ,48 ,เ๘้เ์ ,72 ,๙ๅ๎๘ๅ๏
354 ,๘แ้แ้ํ ,REVIVIM ,62 ,แเ๘ ๙แ๒ ,62 ,แเ๘ ๙แ๒ ,48 ,๘๎๚ ๐โแ
2051 ,๘ๅๅ็ไ ,REWAHA ,61 ,เ๙๗์ๅ๏ ,61 ,เ๙๗์ๅ๏ ,34 ,๙๔้๘
2016 ,๘ๅๅ้ไ ,REWAYA ,23 ,๒๔ๅ์ไ ,23 ,๒๔ๅ์ไ ,7 ,๒๎๗ ไ๎๒้้๐ๅ๚
3565 ,๘้๎ๅ๐้ํ ,RIMMONIM ,74 ,๘เ๎เ์์ไ ,11 ,้๘ๅ๙์้ํ ,73 ,๎่ไ แ๐้๎้๏
616 ,๘้๐๚้ไ ,RINNATYA ,42 ,๔๚็ ๚๗ๅๅไ ,42 ,๔๚็ ๚๗ๅไ ,25 ,็แ์ ๎ๅใ้๒้๏
8300 ,๘เ๙ๅ๏ ์๖้ๅ๏ ,RISHON LEZIYYON ,44 ,๘็ๅแๅ๚ ,46 ,๘เ๙ๅ๏ ์๖้ๅ๏ ,0 ,
247 ,๘๙๔ๅ๏ ,RISHPON ,41 ,ไ๙๘ๅ๏ ,41 ,๐๚๐้ไ ,19 ,็ๅ๓ ไ๙๘ๅ๏
3619 ,๘ๅ๒้ ,RO'I ,75 ,้๘ใ๏ )้๘้็ๅ( ,23 ,๒๔ๅ์ไ ,75 ,๒๘แๅ๚ ไ้๘ใ๏
2640 ,๘เ๙ ไ๒้๏ ,ROSH HAAYIN ,42 ,๔๚็ ๚๗ๅๅไ ,349 ,๘เ๙ ไ๒้๏ ,0 ,
26 ,๘เ๙ ๔้๐ไ ,ROSH PINNA ,21 ,๖๔๚ ,21 ,๖๔๚ ,0 ,
3602 ,๘เ๙ ๖ๅ๘้ํ ,ROSH ZURIM ,76 ,แ้๚ ์็ํ ,11 ,้๘ๅ๙์้ํ ,76 ,โๅ๙ ๒๖้ๅ๏
3782 ,๘ๅ๚ํ ,ROTEM ,75 ,้๘ใ๏ )้๘้็ๅ( ,11 ,้๘ๅ๙์้ํ ,75 ,๒๘แๅ๚ ไ้๘ใ๏
1341 ,๘ๅ็ ๎ใแ๘ ,RUAH MIDBAR ,62 ,แเ๘ ๙แ๒ ,62 ,แเ๘ ๙แ๒ ,48 ,๘๎๚ ๐โแ
362 ,๘ๅ็๎ไ ,RUHAMA ,61 ,เ๙๗์ๅ๏ ,61 ,เ๙๗์ๅ๏ ,37 ,๙๒๘ ไ๐โแ
997 ,๘ๅ๎๚ ไ้้แ ,RUMAT HEIB ,25 ,๐๖๘๚ ,25 ,๐ๅ๓ ไโ์้์ ,65 ,เ์-แ่ๅ๓
539 ,๘ๅ๎เ๐ไ ,RUMMANE ,25 ,๐๖๘๚ ,25 ,๐ๅ๓ ไโ์้์ ,65 ,เ์-แ่ๅ๓
419 ,๑๒ใ ,SA'AD ,62 ,แเ๘ ๙แ๒ ,62 ,แเ๘ ๙แ๒ ,39 ,๙ใๅ๚ ๐โแ
454 ,๑๒๘ ,SA'AR ,24 ,๒๋ๅ ,24 ,๒๋ๅ ,4 ,๎่ไ เ๙๘
1360 ,๑๒ๅไ ,SA'WA ,62 ,แเ๘ ๙แ๒ ,62 ,แเ๘ ๙แ๒ ,69 ,เ์ ๗๑ๅํ
3711 ,๙เ-๐ๅ๘ ,SA-NUR ,71 ,โ'๐้๏ ,32 ,็ใ๘ไ ,72 ,๙ๅ๎๘ๅ๏
525 ,๑เโ'ๅ๘ ,SAJUR ,24 ,๒๋ๅ ,20 ,๋๘๎้เ์ ,0 ,
7500 ,๑็'๐้๏ ,SAKHNIN ,24 ,๒๋ๅ ,24 ,๒๋ๅ ,0 ,
3567 ,๑์๒้๚ ,SAL'IT ,73 ,่ๅ์ ๋๘ํ ,42 ,๔๚็ ๚๗ๅไ ,72 ,๙ๅ๎๘ๅ๏
1245 ,๑์๎ไ ,SALLAMA ,24 ,๒๋ๅ ,20 ,๋๘๎้เ์ ,56 ,๎๙โแ
1156 ,๑๎๘ ,SAMAR ,62 ,แเ๘ ๙แ๒ ,63 ,เ้์๚ ,53 ,็แ์ เ้์ๅ๚
636 ,๖๐ใ์ไ ,SANDALA ,23 ,๒๔ๅ์ไ ,23 ,๒๔ๅ์ไ ,8 ,ไโ์แๅ๒
1176 ,๑๔้๘ ,SAPPIR ,62 ,แเ๘ ๙แ๒ ,63 ,เ้์๚ ,54 ,ไ๒๘แไ ไ๚้๋ๅ๐ไ
126 ,๙๘้ใ ,SARID ,23 ,๒๔ๅ์ไ ,23 ,๒๔ๅ์ไ ,9 ,๒๎๗ ้ๆ๘๒เ์
578 ,๑เ๑เ ,SASA ,21 ,๖๔๚ ,21 ,๖๔๚ ,1 ,ไโ์้์ ไ๒์้ๅ๏
587 ,๑แ้ๅ๏ ,SAVYON ,42 ,๔๚็ ๚๗ๅๅไ ,42 ,๔๚็ ๚๗ๅไ ,0 ,
942 ,๑ๅเ๒ใ (็๎้๘ไ) ,SAWA'ID (HUMAYRA) ,24 ,๒๋ๅ ,24 ,๒๋ๅ ,9 ,๒๎๗ ้ๆ๘๒เ์
989 ,๑ๅเ๒ใ (๋๎เ๐ไ) (๙แ่) ,SAWA'ID (KAMANE) ,24 ,๒๋ๅ ,20 ,๋๘๎้เ์ ,0 ,
1170 ,๑้้ใ (๙แ่) ,SAYYID ,62 ,แเ๘ ๙แ๒ ,62 ,แเ๘ ๙แ๒ ,0 ,
1223 ,๙ใ้ เแ๘ไํ ,SEDE AVRAHAM ,62 ,แเ๘ ๙แ๒ ,62 ,แเ๘ ๙แ๒ ,38 ,เ๙๋ๅ์
885 ,๙ใไ แๅ๗๘ ,SEDE BOQER ,62 ,แเ๘ ๙แ๒ ,62 ,แเ๘ ๙แ๒ ,48 ,๘๎๚ ๐โแ
36 ,๙ใไ ใๅใ ,SEDE DAWID ,61 ,เ๙๗์ๅ๏ ,61 ,เ๙๗์ๅ๏ ,50 ,์๋้๙
861 ,๙ใไ เ์้๒ๆ๘ ,SEDE ELI'EZER ,21 ,๖๔๚ ,21 ,๖๔๚ ,55 ,๎แๅเๅ๚ ไ็๘๎ๅ๏
304 ,๙ใไ เ์้ไๅ ,SEDE ELIYYAHU ,23 ,๒๔ๅ์ไ ,23 ,๒๔ๅ์ไ ,7 ,๒๎๗ ไ๎๒้้๐ๅ๚
2015 ,๙ใ้ ็๎ใ ,SEDE HEMED ,42 ,๔๚็ ๚๗ๅๅไ ,47 ,๋๔๘ ๑แเ ,20 ,ใ๘ๅํ ไ๙๘ๅ๏
721 ,๙ใไ เ้์๏ ,SEDE ILAN ,22 ,๋๐๘๚ ,22 ,่แ๘้ไ ,3 ,ไโ์้์ ไ๚็๚ๅ๏
18 ,๙ใไ ๎๙ไ ,SEDE MOSHE ,61 ,เ๙๗์ๅ๏ ,61 ,เ๙๗์ๅ๏ ,50 ,์๋้๙
259 ,๙ใไ ๐็ๅํ ,SEDE NAHUM ,23 ,๒๔ๅ์ไ ,23 ,๒๔ๅ์ไ ,7 ,๒๎๗ ไ๎๒้้๐ๅ๚
329 ,๙ใไ ๐็๎้ไ ,SEDE NEHEMYA ,21 ,๖๔๚ ,21 ,๖๔๚ ,1 ,ไโ์้์ ไ๒์้ๅ๏
1058 ,๙ใไ ๐้๖๏ ,SEDE NIZZAN ,62 ,แเ๘ ๙แ๒ ,62 ,แเ๘ ๙แ๒ ,38 ,เ๙๋ๅ์
2057 ,๙ใ้ ๚๘ๅ๎ๅ๚ ,SEDE TERUMOT ,23 ,๒๔ๅ์ไ ,23 ,๒๔ๅ์ไ ,7 ,๒๎๗ ไ๎๒้้๐ๅ๚
739 ,๙ใไ ๒ๅๆ้ไๅ ,SEDE UZZIYYAHU ,61 ,เ๙๗์ๅ๏ ,61 ,เ๙๗์ๅ๏ ,33 ,แเ๘ ่ๅแ้ไ
284 ,๙ใไ ๅ๘แๅ๘โ ,SEDE WARBURG ,42 ,๔๚็ ๚๗ๅๅไ ,47 ,๋๔๘ ๑แเ ,20 ,ใ๘ๅํ ไ๙๘ๅ๏
142 ,๙ใไ ้๒๗แ ,SEDE YA'AQOV ,23 ,๒๔ๅ์ไ ,23 ,๒๔ๅ์ไ ,9 ,๒๎๗ ้ๆ๘๒เ์
2008 ,๙ใไ ้๖็๗ ,SEDE YIZHAQ ,32 ,็ใ๘ไ ,32 ,็ใ๘ไ ,14 ,๎๐๙ไ
293 ,๙ใไ ้ๅเแ ,SEDE YO'AV ,61 ,เ๙๗์ๅ๏ ,61 ,เ๙๗์ๅ๏ ,35 ,้ๅเแ
2049 ,๙ใไ ๖แ้ ,SEDE ZEVI ,62 ,แเ๘ ๙แ๒ ,62 ,แเ๘ ๙แ๒ ,42 ,๎๘็แ้ํ
1031 ,๙ใ๘ๅ๚ ,SEDEROT ,61 ,เ๙๗์ๅ๏ ,61 ,เ๙๗์ๅ๏ ,0 ,
27 ,๙ใๅ๚ ๎้๋ไ ,SEDOT MIKHA ,11 ,้๘ๅ๙์้ํ ,13 ,แ้๚ ๙๎๙ ,26 ,๎่ไ ้ไๅใไ
327 ,๙ใๅ๚ ้ํ ,SEDOT YAM ,32 ,็ใ๘ไ ,32 ,็ใ๘ไ ,15 ,็ๅ๓ ไ๋๘๎์
1286 ,๙โแ-๙์ๅํ ,SEGEV-SHALOM ,62 ,แเ๘ ๙แ๒ ,62 ,แเ๘ ๙แ๒ ,0 ,
2046 ,๑โๅ์ไ ,SEGULA ,61 ,เ๙๗์ๅ๏ ,61 ,เ๙๗์ๅ๏ ,35 ,้ๅเแ
1132 ,๙๐้๘ ,SENIR ,21 ,๖๔๚ ,21 ,๖๔๚ ,1 ,ไโ์้์ ไ๒์้ๅ๏
538 ,๙๒แ ,SHA'AB ,24 ,๒๋ๅ ,24 ,๒๋ๅ ,0 ,
4009 ,๙๒์ ,SHA'AL ,29 ,โๅ์๏ ,22 ,่แ๘้ไ ,71 ,โๅ์๏
856 ,๙๒์แ้ํ ,SHA'ALVIM ,43 ,๘๎์ไ ,43 ,๘๎์ไ ,30 ,โๆ๘
661 ,๙๒๘ เ๔๘้ํ ,SHA'AR EFRAYIM ,41 ,ไ๙๘ๅ๏ ,41 ,๐๚๐้ไ ,18 ,์แ ไ๙๘ๅ๏
237 ,๙๒๘ ไ๒๎๗้ํ ,SHA'AR HAAMAQIM ,31 ,็้๔ไ ,31 ,็้๔ไ ,12 ,ๆแๅ์ๅ๏
264 ,๙๒๘ ไโๅ์๏ ,SHA'AR HAGOLAN ,22 ,๋๐๘๚ ,22 ,่แ๘้ไ ,6 ,๒๎๗ ไ้๘ใ๏
921 ,๙๒๘ ๎๐๙ไ ,SHA'AR MENASHE ,32 ,็ใ๘ไ ,32 ,็ใ๘ไ ,14 ,๎๐๙ไ
3826 ,๙๒๘ ๙ๅ๎๘ๅ๏ ,SHA'AR SHOMRON ,73 ,่ๅ์ ๋๘ํ ,349 ,๘เ๙ ไ๒้๏ ,0 ,
306 ,๙ใ๎ๅ๚ ใแๅ๘ไ ,SHADMOT DEVORA ,22 ,๋๐๘๚ ,22 ,่แ๘้ไ ,3 ,ไโ์้์ ไ๚็๚ๅ๏
3578 ,๙ใ๎ๅ๚ ๎็ๅ์ไ ,SHADMOT MEHOLA ,75 ,้๘ใ๏ )้๘้็ๅ( ,23 ,๒๔ๅ์ไ ,75 ,๒๘แๅ๚ ไ้๘ใ๏
692 ,๙๔้๘ ,SHAFIR ,61 ,เ๙๗์ๅ๏ ,61 ,เ๙๗์ๅ๏ ,34 ,๙๔้๘
7 ,๙็๘ ,SHAHAR ,61 ,เ๙๗์ๅ๏ ,61 ,เ๙๗์ๅ๏ ,50 ,์๋้๙
3868 ,๙็๘้๚ ,SHAHARIT ,73 ,่ๅ์ ๋๘ํ ,48 ,เ๘้เ์ ,72 ,๙ๅ๎๘ๅ๏
1266 ,๙็๘ๅ๚ ,SHAHARUT ,62 ,แเ๘ ๙แ๒ ,63 ,เ้์๚ ,53 ,็แ์ เ้์ๅ๚
1373 ,๙์ๅๅไ แ๎ใแ๘ ,SHALVA BAMIDBAR ,62 ,แเ๘ ๙แ๒ ,62 ,แเ๘ ๙แ๒ ,48 ,๘๎๚ ๐โแ
873 ,๙์ๅๅไ ,SHALWA ,61 ,เ๙๗์ๅ๏ ,61 ,เ๙๗์ๅ๏ ,34 ,๙๔้๘
432 ,๙๎๘๚ ,SHAMERAT ,24 ,๒๋ๅ ,24 ,๒๋ๅ ,4 ,๎่ไ เ๙๘
366 ,๙๎้๘ ,SHAMIR ,21 ,๖๔๚ ,21 ,๖๔๚ ,1 ,ไโ์้์ ไ๒์้ๅ๏
1287 ,๙๐้ ,SHANI ,62 ,แเ๘ ๙แ๒ ,62 ,แเ๘ ๙แ๒ ,78 ,ไ๘ ็แ๘ๅ๏
3649 ,๙๗ใ ,SHAQED ,71 ,โ'๐้๏ ,32 ,็ใ๘ไ ,72 ,๙ๅ๎๘ๅ๏
292 ,๙๘ๅ๐ไ ,SHARONA ,22 ,๋๐๘๚ ,22 ,่แ๘้ไ ,3 ,ไโ์้์ ไ๚็๚ๅ๏
398 ,๙๘๙๘๚ ,SHARSHERET ,62 ,แเ๘ ๙แ๒ ,62 ,แเ๘ ๙แ๒ ,39 ,๙ใๅ๚ ๐โแ
1377 ,๙แ้ ใ๘ๅํ ,SHAVE DAROM ,62 ,แเ๘ ๙แ๒ ,62 ,แเ๘ ๙แ๒ ,42 ,๎๘็แ้ํ
3571 ,๙แ้ ๙ๅ๎๘ๅ๏ ,SHAVE SHOMERON ,72 ,๙๋ํ ,41 ,๐๚๐้ไ ,72 ,๙ๅ๎๘ๅ๏
282 ,๙แ้ ๖้ๅ๏ ,SHAVE ZIYYON ,24 ,๒๋ๅ ,24 ,๒๋ๅ ,4 ,๎่ไ เ๙๘
324 ,๙เ๘ ้๙ๅแ ,SHE'AR YASHUV ,21 ,๖๔๚ ,21 ,๖๔๚ ,55 ,๎แๅเๅ๚ ไ็๘๎ๅ๏
555 ,๙ใ๎ไ ,SHEDEMA ,44 ,๘็ๅแๅ๚ ,44 ,๘็ๅแๅ๚ ,32 ,โใ๘ๅ๚
8800 ,๙๔๘๒ํ ,SHEFAR'AM ,24 ,๒๋ๅ ,25 ,๐ๅ๓ ไโ์้์ ,0 ,
232 ,๙๔้้ํ ,SHEFAYIM ,41 ,ไ๙๘ๅ๏ ,41 ,๐๚๐้ไ ,19 ,็ๅ๓ ไ๙๘ๅ๏
846 ,๙๔๘ ,SHEFER ,21 ,๖๔๚ ,21 ,๖๔๚ ,2 ,๎๘ๅํ ไโ์้์
658 ,๙้้็' ใ๐ๅ๏ ,SHEIKH DANNUN ,24 ,๒๋ๅ ,24 ,๒๋ๅ ,4 ,๎่ไ เ๙๘
1160 ,๙๋๐้ไ ,SHEKHANYA ,24 ,๒๋ๅ ,20 ,๋๘๎้เ์ ,56 ,๎๙โแ
812 ,๙์ๅ๎้ ,SHELOMI ,24 ,๒๋ๅ ,24 ,๒๋ๅ ,0 ,
439 ,๙์ๅ็ๅ๚ ,SHELUHOT ,23 ,๒๔ๅ์ไ ,23 ,๒๔ๅ์ไ ,7 ,๒๎๗ ไ๎๒้้๐ๅ๚
1233 ,๙๗๓ ,SHEQEF ,61 ,เ๙๗์ๅ๏ ,61 ,เ๙๗์ๅ๏ ,50 ,์๋้๙
1045 ,๙๚ๅ์ไ ,SHETULA ,24 ,๒๋ๅ ,24 ,๒๋ๅ ,52 ,๎๒์ไ ้ๅ๑๓
763 ,๙๚ๅ์้ํ ,SHETULIM ,61 ,เ๙๗์ๅ๏ ,61 ,เ๙๗์ๅ๏ ,33 ,แเ๘ ่ๅแ้ไ
1378 ,๙้ๆ๓ ,SHEZAF ,62 ,แเ๘ ๙แ๒ ,62 ,แเ๘ ๙แ๒ ,48 ,๘๎๚ ๐โแ
527 ,๙ๆๅ๘ ,SHEZOR ,24 ,๒๋ๅ ,21 ,๖๔๚ ,2 ,๎๘ๅํ ไโ์้์
865 ,๙้แๅ์้ํ ,SHIBBOLIM ,62 ,แเ๘ ๙แ๒ ,62 ,แเ๘ ๙แ๒ ,39 ,๙ใๅ๚ ๐โแ
913 ,๙แ์้ - เๅํ เ์-โ๐ํ ,SHIBLI ,23 ,๒๔ๅ์ไ ,23 ,๒๔ๅ์ไ ,0 ,
1165 ,๙้์๚ ,SHILAT ,43 ,๘๎์ไ ,43 ,๘๎์ไ ,25 ,็แ์ ๎ๅใ้๒้๏
3641 ,๙้์ไ ,SHILO ,74 ,๘เ๎เ์์ไ ,11 ,้๘ๅ๙์้ํ ,73 ,๎่ไ แ๐้๎้๏
3784 ,๙๎๒ไ ,SHIM'A ,77 ,็แ๘ๅ๏ ,11 ,้๘ๅ๙์้ํ ,78 ,ไ๘ ็แ๘ๅ๏
1337 ,๙๎๙้๚ ,SHIMSHIT ,23 ,๒๔ๅ์ไ ,23 ,๒๔ๅ์ไ ,9 ,๒๎๗ ้ๆ๘๒เ์
1197 ,๐เๅ๚ ๑๎ใ๘ ,SHIZZAFON ,62 ,แเ๘ ๙แ๒ ,63 ,เ้์๚ ,53 ,็แ์ เ้์ๅ๚
1364 ,๙์ๅ๎้๚ ,SHLOMIT ,62 ,แเ๘ ๙แ๒ ,62 ,แเ๘ ๙แ๒ ,38 ,เ๙๋ๅ์
741 ,๙ๅเแไ ,SHO'EVA ,11 ,้๘ๅ๙์้ํ ,13 ,แ้๚ ๙๎๙ ,26 ,๎่ไ ้ไๅใไ
1304 ,๙ๅไํ ,SHOHAM ,43 ,๘๎์ไ ,43 ,๘๎์ไ ,0 ,
614 ,๙ๅ๎๘ไ ,SHOMERA ,24 ,๒๋ๅ ,24 ,๒๋ๅ ,52 ,๎๒์ไ ้ๅ๑๓
1265 ,๙ๅ๎๘้ไ ,SHOMERIYYA ,62 ,แเ๘ ๙แ๒ ,62 ,แเ๘ ๙แ๒ ,41 ,แ๐้ ๙๎๒ๅ๏
415 ,๙ๅ๗ใไ ,SHOQEDA ,62 ,แเ๘ ๙แ๒ ,62 ,แเ๘ ๙แ๒ ,39 ,๙ใๅ๚ ๐โแ
1235 ,๙ๅ๘๙้ํ ,SHORASHIM ,24 ,๒๋ๅ ,20 ,๋๘๎้เ์ ,56 ,๎๙โแ
456 ,๙ๅ๘๙ ,SHORESH ,11 ,้๘ๅ๙์้ํ ,13 ,แ้๚ ๙๎๙ ,26 ,๎่ไ ้ไๅใไ
224 ,๙ๅ๙๐๚ ไ๒๎๗้ํ ,SHOSHANNAT HAAMAQIM ,41 ,ไ๙๘ๅ๏ ,41 ,๐๚๐้ไ ,16 ,๒๎๗ ็๔๘
1102 ,๖ๅ๗้ ้ํ ,SHOSHANNAT HAAMAQIM( ,41 ,ไ๙๘ๅ๏ ,41 ,๐๚๐้ไ ,16 ,๒๎๗ ็๔๘
394 ,๙ๅแ์ ,SHOVAL ,62 ,แเ๘ ๙แ๒ ,62 ,แเ๘ ๙แ๒ ,41 ,แ๐้ ๙๎๒ๅ๏
761 ,๙ๅแไ ,SHUVA ,62 ,แเ๘ ๙แ๒ ,62 ,แเ๘ ๙แ๒ ,39 ,๙ใๅ๚ ๐โแ
3872 ,๙แๅ๚ ๘็์ ,SHVUT RAHEL ,74 ,๘เ๎เ์์ไ ,11 ,้๘ๅ๙์้ํ ,73 ,๎่ไ แ๐้๎้๏
610 ,๑๚๘้ไ ,SITRIYYA ,43 ,๘๎์ไ ,43 ,๘๎์ไ ,30 ,โๆ๘
1238 ,๑ๅ๔ไ ,SUFA ,62 ,แเ๘ ๙แ๒ ,62 ,แเ๘ ๙แ๒ ,38 ,เ๙๋ๅ์
526 ,๑ๅ์ํ ,SULAM ,23 ,๒๔ๅ์ไ ,23 ,๒๔ๅ์ไ ,66 ,แๅ๑๚เ๏ เ์-๎๘โ'
3756 ,๑ๅ๑้ไ ,SUSEYA ,77 ,็แ๘ๅ๏ ,11 ,้๘ๅ๙์้ํ ,78 ,ไ๘ ็แ๘ๅ๏
752 ,๚๒ๅๆ ,TA'OZ ,11 ,้๘ๅ๙์้ํ ,13 ,แ้๚ ๙๎๙ ,26 ,๎่ไ ้ไๅใไ
3873 ,่์ ๎๐๙ไ ,TAL MENASHE ,71 ,โ'๐้๏ ,32 ,็ใ๘ไ ,72 ,๙ๅ๎๘ๅ๏
462 ,่์ ๙็๘ ,TAL SHAHAR ,11 ,้๘ๅ๙์้ํ ,13 ,แ้๚ ๙๎๙ ,26 ,๎่ไ ้ไๅใไ
1181 ,่์-เ์ ,TAL-EL ,24 ,๒๋ๅ ,20 ,๋๘๎้เ์ ,56 ,๎๙โแ
2050 ,๚์๎้ แ้์"ๅ ,TALME BILU ,62 ,แเ๘ ๙แ๒ ,62 ,แเ๘ ๙แ๒ ,42 ,๎๘็แ้ํ
2003 ,๚์๎้ เ์๒ๆ๘ ,TALME EL'AZAR ,32 ,็ใ๘ไ ,32 ,็ใ๘ไ ,14 ,๎๐๙ไ
1051 ,๚์๎้ เ์้ไๅ ,TALME ELIYYAHU ,62 ,แเ๘ ๙แ๒ ,62 ,แเ๘ ๙แ๒ ,38 ,เ๙๋ๅ์
744 ,๚์๎้ ้๔ไ ,TALME YAFE ,61 ,เ๙๗์ๅ๏ ,61 ,เ๙๗์ๅ๏ ,36 ,็ๅ๓ เ๙๗์ๅ๏
727 ,๚์๎้ ้็้เ์ ,TALME YEHI'EL ,61 ,เ๙๗์ๅ๏ ,61 ,เ๙๗์ๅ๏ ,33 ,แเ๘ ่ๅแ้ไ
1237 ,๚์๎้ ้ๅ๑๓ ,TALME YOSEF ,62 ,แเ๘ ๙แ๒ ,62 ,แเ๘ ๙แ๒ ,38 ,เ๙๋ๅ์
3788 ,่์๎ๅ๏ ,TALMON ,74 ,๘เ๎เ์์ไ ,11 ,้๘ๅ๙์้ํ ,73 ,๎่ไ แ๐้๎้๏
8900 ,่๎๘ไ ,TAMRA ,24 ,๒๋ๅ ,24 ,๒๋ๅ ,0 ,
547 ,่๎๘ไ (้ๆ๘๒เ์) ,TAMRA (YIZRE'EL) ,23 ,๒๔ๅ์ไ ,23 ,๒๔ๅ์ไ ,8 ,ไโ์แๅ๒
970 ,๚๘เแ้๏ เ-๖เ๐๒ (๙แ่) ,TARABIN AS-SANI ,62 ,แเ๘ ๙แ๒ ,62 ,แเ๘ ๙แ๒ ,0 ,
1346 ,๚๘เแ้๏ เ-๖เ๐๒(้๙ๅแ) ,TARABIN AS-SANI ,62 ,แเ๘ ๙แ๒ ,62 ,แเ๘ ๙แ๒ ,69 ,เ์ ๗๑ๅํ
778 ,๚๘ๅํ ,TARUM ,11 ,้๘ๅ๙์้ํ ,13 ,แ้๚ ๙๎๙ ,26 ,๎่ไ ้ไๅใไ
2730 ,่้้แไ ,TAYIBE ,41 ,ไ๙๘ๅ๏ ,41 ,๐๚๐้ไ ,0 ,
497 ,่้้แไ (แ๒๎๗) ,TAYIBE(BAEMEQ) ,23 ,๒๔ๅ์ไ ,23 ,๒๔ๅ์ไ ,8 ,ไโ์แๅ๒
2062 ,๚เ๙ๅ๘ ,TE'ASHUR ,62 ,แเ๘ ๙แ๒ ,62 ,แเ๘ ๙แ๒ ,41 ,แ๐้ ๙๎๒ๅ๏
1214 ,่๔็ๅ๚ ,TEFAHOT ,22 ,๋๐๘๚ ,22 ,่แ๘้ไ ,2 ,๎๘ๅํ ไโ์้์
103 ,๚์ ๒ใ๙้ํ ,TEL ADASHIM ,23 ,๒๔ๅ์ไ ,23 ,๒๔ๅ์ไ ,9 ,๒๎๗ ้ๆ๘๒เ์
5000 ,๚์ เแ้แ - ้๔ๅ ,TEL AVIV - YAFO ,51 ,๚์ เแ้แ ,51 ,๚"เ - ๎๘๋ๆ ,0 ,
154 ,๚์ ๎ๅ๐ใ ,TEL MOND ,41 ,ไ๙๘ๅ๏ ,41 ,๐๚๐้ไ ,0 ,
719 ,๚์ ๗๖้๘ ,TEL QAZIR ,22 ,๋๐๘๚ ,22 ,่แ๘้ไ ,6 ,๒๎๗ ไ้๘ใ๏
1054 ,๚์ ๙แ๒ ,TEL SHEVA ,62 ,แเ๘ ๙แ๒ ,62 ,แเ๘ ๙แ๒ ,0 ,
1283 ,๚์ ๚เๅ๎้ํ ,TEL TE'OMIM ,23 ,๒๔ๅ์ไ ,23 ,๒๔ๅ์ไ ,7 ,๒๎๗ ไ๎๒้้๐ๅ๚
3815 ,๚์ ๖้ๅ๏ ,TEL TSIYON ,74 ,๘เ๎เ์์ไ ,11 ,้๘ๅ๙์้ํ ,73 ,๎่ไ แ๐้๎้๏
287 ,๚์ ้๖็๗ ,TEL YIZHAQ ,41 ,ไ๙๘ๅ๏ ,41 ,๐๚๐้ไ ,19 ,็ๅ๓ ไ๙๘ๅ๏
84 ,๚์ ้ๅ๑๓ ,TEL YOSEF ,23 ,๒๔ๅ์ไ ,23 ,๒๔ๅ์ไ ,8 ,ไโ์แๅ๒
1177 ,่์์้ํ ,TELALIM ,62 ,แเ๘ ๙แ๒ ,62 ,แเ๘ ๙แ๒ ,48 ,๘๎๚ ๐โแ
814 ,๚์๎้ํ ,TELAMIM ,61 ,เ๙๗์ๅ๏ ,61 ,เ๙๗์ๅ๏ ,50 ,์๋้๙
3719 ,๚์ํ ,TELEM ,77 ,็แ๘ๅ๏ ,11 ,้๘ๅ๙์้ํ ,78 ,ไ๘ ็แ๘ๅ๏
3743 ,่๐เ ,TENE ,77 ,็แ๘ๅ๏ ,62 ,แเ๘ ๙แ๒ ,78 ,ไ๘ ็แ๘ๅ๏
2002 ,๚๐ๅแๅ๚ ,TENUVOT ,41 ,ไ๙๘ๅ๏ ,41 ,๐๚๐้ไ ,18 ,์แ ไ๙๘ๅ๏
3563 ,๚๗ๅ๒ ,TEQOA ,76 ,แ้๚ ์็ํ ,11 ,้๘ๅ๙์้ํ ,76 ,โๅ๙ ๒๖้ๅ๏
665 ,๚๗ๅ๎ไ ,TEQUMA ,62 ,แเ๘ ๙แ๒ ,62 ,แเ๘ ๙แ๒ ,39 ,๙ใๅ๚ ๐โแ
6700 ,่แ๘้ไ ,TIBERIAS ,22 ,๋๐๘๚ ,22 ,่แ๘้ไ ,0 ,
2061 ,๚ใไ๘ ,TIDHAR ,62 ,แเ๘ ๙แ๒ ,62 ,แเ๘ ๙แ๒ ,41 ,แ๐้ ๙๎๒ๅ๏
709 ,๚๔๘็ ,TIFRAH ,62 ,แเ๘ ๙แ๒ ,62 ,แเ๘ ๙แ๒ ,42 ,๎๘็แ้ํ
163 ,๚้๎ๅ๘้ํ ,TIMMORIM ,61 ,เ๙๗์ๅ๏ ,61 ,เ๙๗์ๅ๏ ,33 ,แเ๘ ่ๅแ้ไ
1244 ,๚๎๘๚ ,TIMRAT ,23 ,๒๔ๅ์ไ ,23 ,๒๔ๅ์ไ ,9 ,๒๎๗ ้ๆ๘๒เ์
2100 ,่้๘๚ ๋๘๎์ ,TIRAT KARMEL ,31 ,็้๔ไ ,31 ,็้๔ไ ,0 ,
663 ,่้๘๚ ้ไๅใไ ,TIRAT YEHUDA ,42 ,๔๚็ ๚๗ๅๅไ ,42 ,๔๚็ ๚๗ๅไ ,25 ,็แ์ ๎ๅใ้๒้๏
268 ,่้๘๚ ๖แ้ ,TIRAT ZEVI ,23 ,๒๔ๅ์ไ ,23 ,๒๔ๅ์ไ ,7 ,๒๎๗ ไ๎๒้้๐ๅ๚
2720 ,่้๘ไ ,TIRE ,41 ,ไ๙๘ๅ๏ ,41 ,๐๚๐้ไ ,0 ,
10 ,๚้๘ๅ๙ ,TIROSH ,11 ,้๘ๅ๙์้ํ ,13 ,แ้๚ ๙๎๙ ,26 ,๎่ไ ้ไๅใไ
3878 ,๚๎๘ไ ,TMARA ,75 ,้๘ใ๏ )้๘้็ๅ( ,11 ,้๘ๅ๙์้ํ ,75 ,๒๘แๅ๚ ไ้๘ใ๏
3558 ,๚ๅ๎๘ ,TOMER ,75 ,้๘ใ๏ )้๘้็ๅ( ,23 ,๒๔ๅ์ไ ,75 ,๒๘แๅ๚ ไ้๘ใ๏
962 ,่ๅแเ-ๆ๐โ๘้ไ ,TUBA-ZANGARIYYE ,21 ,๖๔๚ ,21 ,๖๔๚ ,0 ,
498 ,่ๅ๘๒เ๏ ,TUR'AN ,25 ,๐๖๘๚ ,25 ,๐ๅ๓ ไโ์้์ ,0 ,
1083 ,๚ๅ๙้ไ ,TUSHIYYA ,62 ,แเ๘ ๙แ๒ ,62 ,แเ๘ ๙แ๒ ,39 ,๙ใๅ๚ ๐โแ
1172 ,๚ๅแ์ ,TUVAL ,24 ,๒๋ๅ ,20 ,๋๘๎้เ์ ,56 ,๎๙โแ
446 ,เๅใ้ํ ,UDIM ,41 ,ไ๙๘ๅ๏ ,41 ,๐๚๐้ไ ,19 ,็ๅ๓ ไ๙๘ๅ๏
2710 ,เๅํ เ์-๔็ํ ,UMM AL-FAHM ,32 ,็ใ๘ไ ,23 ,๒๔ๅ์ไ ,0 ,
2024 ,เๅํ เ์-๗ๅ่ๅ๓ ,UMM AL-QUTUF ,32 ,็ใ๘ไ ,32 ,็ใ๘ไ ,14 ,๎๐๙ไ
1358 ,เๅํ แ่้๏ ,UMM BATIN ,62 ,แเ๘ ๙แ๒ ,62 ,แเ๘ ๙แ๒ ,69 ,เ์ ๗๑ๅํ
957 ,๒ๅ๗แ้ (แ๐ๅ ๒ๅ๗แไ) ,UQBI (BANU UQBA) ,62 ,แเ๘ ๙แ๒ ,62 ,แเ๘ ๙แ๒ ,0 ,
403 ,เๅ๘้ํ ,URIM ,62 ,แเ๘ ๙แ๒ ,62 ,แเ๘ ๙แ๒ ,38 ,เ๙๋ๅ์
278 ,เๅ๙ไ ,USHA ,31 ,็้๔ไ ,27 ,๗๘้ๅ๚ ,12 ,ๆแๅ์ๅ๏
826 ,๒ๅๆไ ,UZA ,61 ,เ๙๗์ๅ๏ ,61 ,เ๙๗์ๅ๏ ,34 ,๙๔้๘
528 ,๒ๅๆ้้๘ ,UZEIR ,25 ,๐๖๘๚ ,25 ,๐ๅ๓ ไโ์้์ ,65 ,เ์-แ่ๅ๓
1133 ,ๅ๘ใๅ๏ ,WARDON ,61 ,เ๙๗์ๅ๏ ,61 ,เ๙๗์ๅ๏ ,35 ,้ๅเแ
3639 ,ๅ๘ใ ้๘้็ๅ ,WERED YERIHO ,75 ,้๘ใ๏ )้๘้็ๅ( ,11 ,้๘ๅ๙์้ํ ,74 ,๎โ้์ๅ๚ ้ํ ไ๎์็
1138 ,้๒ใ ,YA'AD ,24 ,๒๋ๅ ,20 ,๋๘๎้เ์ ,56 ,๎๙โแ
795 ,้๒๘ไ ,YA'ARA ,24 ,๒๋ๅ ,24 ,๒๋ๅ ,52 ,๎๒์ไ ้ๅ๑๓
1117 ,้๒์ ,YA'EL ,23 ,๒๔ๅ์ไ ,23 ,๒๔ๅ์ไ ,8 ,ไโ์แๅ๒
577 ,้ใ แ๐้๎้๏ ,YAD BINYAMIN ,44 ,๘็ๅแๅ๚ ,44 ,๘็ๅแๅ๚ ,31 ,๐็์ ๙ๅ๘๗
758 ,้ใ ็๐ไ ,YAD HANNA ,41 ,ไ๙๘ๅ๏ ,41 ,๐๚๐้ไ ,16 ,๒๎๗ ็๔๘
1134 ,้ใ ไ๙๎ๅ๐ไ ,YAD HASHEMONA ,11 ,้๘ๅ๙์้ํ ,11 ,้๘ๅ๙์้ํ ,26 ,๎่ไ ้ไๅใไ
358 ,้ใ ๎๘ใ๋้ ,YAD MORDEKHAY ,61 ,เ๙๗์ๅ๏ ,61 ,เ๙๗์ๅ๏ ,36 ,็ๅ๓ เ๙๗์ๅ๏
775 ,้ใ ๐๚๏ ,YAD NATAN ,61 ,เ๙๗์ๅ๏ ,61 ,เ๙๗์ๅ๏ ,50 ,์๋้๙
64 ,้ใ ๘๎แ"ํ ,YAD RAMBAM ,43 ,๘๎์ไ ,43 ,๘๎์ไ ,30 ,โๆ๘
499 ,้๔้๒ ,YAFI ,25 ,๐๖๘๚ ,25 ,๐ๅ๓ ไโ์้์ ,0 ,
3566 ,้๔้๚ ,YAFIT ,75 ,้๘ใ๏ )้๘้็ๅ( ,23 ,๒๔ๅ์ไ ,75 ,๒๘แๅ๚ ไ้๘ใ๏
798 ,้โ์ ,YAGEL ,43 ,๘๎์ไ ,43 ,๘๎์ไ ,40 ,๙ใๅ๚ ใ๏
96 ,้โๅ๘ ,YAGUR ,31 ,็้๔ไ ,31 ,็้๔ไ ,12 ,ๆแๅ์ๅ๏
1158 ,้ไ์ ,YAHEL ,62 ,แเ๘ ๙แ๒ ,63 ,เ้์๚ ,53 ,็แ์ เ้์ๅ๚
811 ,้๋้๐้ ,YAKHINI ,61 ,เ๙๗์ๅ๏ ,61 ,เ๙๗์ๅ๏ ,37 ,๙๒๘ ไ๐โแ
1295 ,้เ๐ๅ็-โ'๚ ,YANUH-JAT ,24 ,๒๋ๅ ,24 ,๒๋ๅ ,0 ,
753 ,้๐ๅแ ,YANUV ,41 ,ไ๙๘ๅ๏ ,41 ,๐๚๐้ไ ,18 ,์แ ไ๙๘ๅ๏
3647 ,้๗้๘ ,YAQIR ,73 ,่ๅ์ ๋๘ํ ,48 ,เ๘้เ์ ,72 ,๙ๅ๎๘ๅ๏
417 ,้๗ๅํ ,YAQUM ,41 ,ไ๙๘ๅ๏ ,41 ,๐๚๐้ไ ,19 ,็ๅ๓ ไ๙๘ๅ๏
2026 ,้๘ใ๐ไ ,YARDENA ,23 ,๒๔ๅ์ไ ,23 ,๒๔ๅ์ไ ,7 ,๒๎๗ ไ๎๒้้๐ๅ๚
718 ,้๘็้แ ,YARHIV ,42 ,๔๚็ ๚๗ๅๅไ ,47 ,๋๔๘ ๑แเ ,20 ,ใ๘ๅํ ไ๙๘ๅ๏
183 ,้๘๗ๅ๐ไ ,YARQONA ,42 ,๔๚็ ๚๗ๅๅไ ,47 ,๋๔๘ ๑แเ ,20 ,ใ๘ๅํ ไ๙๘ๅ๏
575 ,้๑๒ๅ๘ ,YAS'UR ,24 ,๒๋ๅ ,24 ,๒๋ๅ ,4 ,๎่ไ เ๙๘
828 ,้๙๘๙ ,YASHRESH ,43 ,๘๎์ไ ,43 ,๘๎์ไ ,30 ,โๆ๘
1227 ,้๚ใ ,YATED ,62 ,แเ๘ ๙แ๒ ,62 ,แเ๘ ๙แ๒ ,38 ,เ๙๋ๅ์
2660 ,้แ๐ไ ,YAVNE ,44 ,๘็ๅแๅ๚ ,44 ,๘็ๅแๅ๚ ,0 ,
46 ,้แ๐เ์ ,YAVNE'EL ,22 ,๋๐๘๚ ,22 ,่แ๘้ไ ,0 ,
759 ,้๖้๕ ,YAZIZ ,43 ,๘๎์ไ ,43 ,๘๎์ไ ,30 ,โๆ๘
1044 ,้๒๓ ,YE'AF ,41 ,ไ๙๘ๅ๏ ,41 ,๐๚๐้ไ ,18 ,์แ ไ๙๘ๅ๏
1144 ,้ใ้ใไ ,YEDIDA ,11 ,้๘ๅ๙์้ํ ,11 ,้๘ๅ๙์้ํ ,26 ,๎่ไ ้ไๅใไ
233 ,๋๔๘ ้ใ้ใ้ไ ,YEDIDYA ,41 ,ไ๙๘ๅ๏ ,41 ,๐๚๐้ไ ,16 ,๒๎๗ ็๔๘
409 ,้็้๒ํ ,YEHI'AM ,24 ,๒๋ๅ ,24 ,๒๋ๅ ,4 ,๎่ไ เ๙๘
9400 ,้ไๅใ-๎ๅ๐ๅ๑ๅ๏ ,YEHUD-MONOSON ,42 ,๔๚็ ๚๗ๅๅไ ,42 ,๔๚็ ๚๗ๅไ ,0 ,
831 ,้๘ๅ็ํ ,YEROHAM ,62 ,แเ๘ ๙แ๒ ,62 ,แเ๘ ๙แ๒ ,0 ,
916 ,้๙๒ ,YESHA ,62 ,แเ๘ ๙แ๒ ,62 ,แเ๘ ๙แ๒ ,38 ,เ๙๋ๅ์
440 ,้๑ๅใๅ๚ ,YESODOT ,44 ,๘็ๅแๅ๚ ,44 ,๘็ๅแๅ๚ ,31 ,๐็์ ๙ๅ๘๗
29 ,้๑ๅใ ไ๎๒์ไ ,YESUD HAMA'ALA ,21 ,๖๔๚ ,21 ,๖๔๚ ,0 ,
1232 ,้แๅ์ ,YEVUL ,62 ,แเ๘ ๙แ๒ ,62 ,แเ๘ ๙แ๒ ,38 ,เ๙๋ๅ์
134 ,้๔๒๚ ,YIF'AT ,23 ,๒๔ๅ์ไ ,23 ,๒๔ๅ์ไ ,9 ,๒๎๗ ้ๆ๘๒เ์
453 ,้๔๚็ ,YIFTAH ,21 ,๖๔๚ ,21 ,๖๔๚ ,1 ,ไโ์้์ ไ๒์้ๅ๏
2011 ,้๐ๅ๏ ,YINNON ,61 ,เ๙๗์ๅ๏ ,61 ,เ๙๗์ๅ๏ ,33 ,แเ๘ ่ๅแ้ไ
623 ,้๘เๅ๏ ,YIR'ON ,21 ,๖๔๚ ,21 ,๖๔๚ ,1 ,ไโ์้์ ไ๒์้ๅ๏
502 ,้๘๋เ ,YIRKA ,24 ,๒๋ๅ ,24 ,๒๋ๅ ,0 ,
805 ,้๙๒้ ,YISH'I ,11 ,้๘ๅ๙์้ํ ,13 ,แ้๚ ๙๎๙ ,26 ,๎่ไ ้ไๅใไ
3607 ,้้่"แ ,YITAV ,75 ,้๘ใ๏ )้๘้็ๅ( ,23 ,๒๔ๅ์ไ ,75 ,๒๘แๅ๚ ไ้๘ใ๏
3749 ,้๖ไ๘ ,YIZHAR ,72 ,๙๋ํ ,48 ,เ๘้เ์ ,72 ,๙ๅ๎๘ๅ๏
452 ,้ๆ๘๒เ์ ,YIZRE'EL ,23 ,๒๔ๅ์ไ ,23 ,๒๔ๅ์ไ ,8 ,ไโ์แๅ๒
1112 ,้ๅใ๔๚ ,YODEFAT ,24 ,๒๋ๅ ,20 ,๋๘๎้เ์ ,56 ,๎๙โแ
3896 ,้ๅ๐ใแ ,YONADAV ,77 ,็แ๘ๅ๏ ,11 ,้๘ๅ๙์้ํ ,78 ,ไ๘ ็แ๘ๅ๏
4007 ,้ๅ๐๚๏ ,YONATAN ,29 ,โๅ์๏ ,22 ,่แ๘้ไ ,71 ,โๅ์๏
240 ,้๗๐๒ํ ๒้์้๚ ,YOQNE'AM ILLIT ,23 ,๒๔ๅ์ไ ,23 ,๒๔ๅ์ไ ,0 ,
241 ,้๗๐๒ํ (๎ๅ๙แไ) ,YOQNE'AM(MOSHAVA) ,23 ,๒๔ๅ์ไ ,23 ,๒๔ๅ์ไ ,13 ,๎โ้ใๅ
803 ,้ๅ๙้แ้ไ ,YOSHIVYA ,62 ,แเ๘ ๙แ๒ ,62 ,แเ๘ ๙แ๒ ,39 ,๙ใๅ๚ ๐โแ
866 ,้่แ๚ไ ,YOTVATA ,62 ,แเ๘ ๙แ๒ ,63 ,เ้์๚ ,53 ,็แ์ เ้์ๅ๚
2009 ,้ๅแ์ ,YUVAL ,21 ,๖๔๚ ,21 ,๖๔๚ ,55 ,๎แๅเๅ๚ ไ็๘๎ๅ๏
1226 ,้ๅแ์้ํ ,YUVALIM ,24 ,๒๋ๅ ,20 ,๋๘๎้เ์ ,56 ,๎๙โแ
2742 ,ๆแเ๘โไ (๙แ่) ,ZABARGA ,62 ,แเ๘ ๙แ๒ ,62 ,แเ๘ ๙แ๒ ,0 ,
1079 ,๖๔๘้๘้ํ ,ZAFRIRIM ,11 ,้๘ๅ๙์้ํ ,13 ,แ้๚ ๙๎๙ ,26 ,๎่ไ ้ไๅใไ
594 ,๖๔๘้ไ ,ZAFRIYYA ,43 ,๘๎์ไ ,43 ,๘๎์ไ ,40 ,๙ใๅ๚ ใ๏
816 ,ๆ๐ๅ็ ,ZANOAH ,11 ,้๘ๅ๙์้ํ ,13 ,แ้๚ ๙๎๙ ,26 ,๎่ไ ้ไๅใไ
975 ,ๆ๘ๆ้๘ ,ZARZIR ,23 ,๒๔ๅ์ไ ,23 ,๒๔ๅ์ไ ,0 ,
815 ,ๆแใ้เ์ ,ZAVDI'EL ,61 ,เ๙๗์ๅ๏ ,61 ,เ๙๗์ๅ๏ ,34 ,๙๔้๘
413 ,๖เ์้ํ ,ZE'ELIM ,62 ,แเ๘ ๙แ๒ ,62 ,แเ๘ ๙แ๒ ,38 ,เ๙๋ๅ์
8000 ,๖๔๚ ,ZEFAT ,21 ,๖๔๚ ,21 ,๖๔๚ ,0 ,
799 ,ๆ๋๘้ไ ,ZEKHARYA ,11 ,้๘ๅ๙์้ํ ,13 ,แ้๚ ๙๎๙ ,26 ,๎่ไ ้ไๅใไ
796 ,๖์๔ๅ๏ ,ZELAFON ,11 ,้๘ๅ๙์้ํ ,13 ,แ้๚ ๙๎๙ ,26 ,๎่ไ ้ไๅใไ
1290 ,ๆ๎๘ ,ZEMER ,41 ,ไ๙๘ๅ๏ ,41 ,๐๚๐้ไ ,0 ,
818 ,ๆ๘็้ไ ,ZERAHYA ,61 ,เ๙๗์ๅ๏ ,61 ,เ๙๗์ๅ๏ ,34 ,๙๔้๘
2064 ,ๆ๘ๅ๒ไ ,ZERU'A ,62 ,แเ๘ ๙แ๒ ,62 ,แเ๘ ๙แ๒ ,39 ,๙ใๅ๚ ๐โแ
612 ,๖๘ๅ๔ไ ,ZERUFA ,32 ,็ใ๘ไ ,32 ,็ใ๘ไ ,15 ,็ๅ๓ ไ๋๘๎์
788 ,ๆ้๚๏ ,ZETAN ,43 ,๘๎์ไ ,43 ,๘๎์ไ ,40 ,๙ใๅ๚ ใ๏
9300 ,ๆ๋๘ๅ๏ ้๒๗แ ,ZIKHRON YA'AQOV ,32 ,็ใ๘ไ ,32 ,็ใ๘ไ ,0 ,
1065 ,ๆ๎๘๚ ,ZIMRAT ,62 ,แเ๘ ๙แ๒ ,62 ,แเ๘ ๙แ๒ ,39 ,๙ใๅ๚ ๐โแ
613 ,๖้๔ๅ๘้ ,ZIPPORI ,23 ,๒๔ๅ์ไ ,23 ,๒๔ๅ์ไ ,9 ,๒๎๗ ้ๆ๘๒เ์
584 ,ๆ้๗้ํ ,ZIQIM ,61 ,เ๙๗์ๅ๏ ,61 ,เ๙๗์ๅ๏ ,36 ,็ๅ๓ เ๙๗์ๅ๏
1213 ,๖แ๒ๅ๏ ,ZIV'ON ,21 ,๖๔๚ ,21 ,๖๔๚ ,1 ,ไโ์้์ ไ๒์้ๅ๏
1150 ,๖ๅ๔๘ ,ZOFAR ,62 ,แเ๘ ๙แ๒ ,63 ,เ้์๚ ,54 ,ไ๒๘แไ ไ๚้๋ๅ๐ไ
198 ,๖ๅ๔้๚ ,ZOFIT ,42 ,๔๚็ ๚๗ๅๅไ ,47 ,๋๔๘ ๑แเ ,20 ,ใ๘ๅํ ไ๙๘ๅ๏
1111 ,๖ๅ๔้ไ ,ZOFIYYA ,44 ,๘็ๅแๅ๚ ,44 ,๘็ๅแๅ๚ ,29 ,็แ์ ้แ๐ไ
1136 ,๖ๅ็๘ ,ZOHAR ,62 ,แเ๘ ๙แ๒ ,62 ,แเ๘ ๙แ๒ ,38 ,เ๙๋ๅ์
44 ,ๆๅไ๘ ,ZOHAR ,61 ,เ๙๗์ๅ๏ ,61 ,เ๙๗์ๅ๏ ,50 ,์๋้๙
567 ,๖๘๒ไ ,ZOR'A ,11 ,้๘ๅ๙์้ํ ,13 ,แ้๚ ๙๎๙ ,26 ,๎่ไ ้ไๅใไ
465 ,๖ๅแไ ,ZOVA ,11 ,้๘ๅ๙์้ํ ,13 ,แ้๚ ๙๎๙ ,26 ,๎่ไ ้ไๅใไ
3791 ,๖ๅ๔้ํ ,ZUFIN ,73 ,่ๅ์ ๋๘ํ ,42 ,๔๚็ ๚๗ๅไ ,72 ,๙ๅ๎๘ๅ๏
1113 ,๖ๅ๘ ไใ๑ไ ,ZUR HADASSA ,11 ,้๘ๅ๙์้ํ ,13 ,แ้๚ ๙๎๙ ,0 ,
276 ,๖ๅ๘ ๎๙ไ ,ZUR MOSHE ,41 ,ไ๙๘ๅ๏ ,41 ,๐๚๐้ไ ,18 ,์แ ไ๙๘ๅ๏
1148 ,๖ๅ๘ ๐๚๏ ,ZUR NATAN ,42 ,๔๚็ ๚๗ๅๅไ ,47 ,๋๔๘ ๑แเ ,20 ,ใ๘ๅํ ไ๙๘ๅ๏
1345 ,๖ๅ๘ ้๖็๗ ,ZUR YIZHAQ ,42 ,๔๚็ ๚๗ๅๅไ ,47 ,๋๔๘ ๑แเ ,20 ,ใ๘ๅํ ไ๙๘ๅ๏
774 ,๖ๅ๘้เ์ ,ZURI'EL ,24 ,๒๋ๅ ,24 ,๒๋ๅ ,52 ,๎๒์ไ ้ๅ๑๓
1221 ,๖ๅ๘้๚ ,ZURIT ,24 ,๒๋ๅ ,20 ,๋๘๎้เ์ ,56 ,๎๙โแ
1180 ,๖แ้ไ ,ZVIYYA ,24 ,๒๋ๅ ,20 ,๋๘๎้เ์ ,56 ,๎๙โแ
